order_id,distance_km,weather,traffic_level,restaurant_load,courier_experience_years,hour,weekday,delivery_time_min
1,8.12,snow,medium,medium,5.4,23,3,44.3
2,19.06,,low,medium,8.4,1,0,81.4
3,14.91,Sunny,HIGH,low,7.5,1,5,54.6
4,12.37,snow,medium,high,3.0,22,3,72.7
5,3.96,RAIN,medium,low,0.7,14,4,26.2
6,3.96,snow,high,high,5.1,10,1,54.4
7,2.1,RAIN,medium,low,8.7,9,2,5.0
8,17.46,snow,HIGH,low,9.0,2,4,83.0
9,12.42,RAIN,high,medium,9.6,16,3,58.8
10,14.45,snow,high,high,8.9,8,1,87.4
11,1.39,snow,high,low,6.0,14,1,29.7
12,19.43,rain,low,low,4.7,13,4,63.1
13,16.82,RAIN,high,high,7.9,18,5,82.6
14,5.03,RAIN,medium,low,7.5,16,0,26.2
15,4.45,RAIN,low,high,5.6,21,1,40.6
16,4.48,sunny,low,medium,1.3,19,6,17.1
17,6.78,snow,low,medium,9.3,16,2,34.4
18,10.97,RAIN,low,high,4.8,15,3,50.9
19,9.21,sunny,low,medium,4.0,19,3,26.8
20,6.53,rain,low,high,6.5,7,3,50.0
21,12.63,RAIN,low,low,6.9,6,6,31.2
22,3.65,RAIN,high,low,2.5,11,4,46.4
23,6.55,sunny,HIGH,high,8.5,0,3,42.6
24,7.96,snow,medium,low,3.3,11,6,44.5
25,9.67,rain,medium,medium,2.3,5,3,44.1
26,15.92,RAIN,high,low,4.4,15,2,67.3
27,4.79,snow,high,low,7.4,17,6,37.7
28,10.77,rain,low,high,9.7,18,0,52.6
29,12.26,Sunny,HIGH,medium,,22,5,52.1
30,1.88,Sunny,low,low,9.4,2,4,5.0
31,12.54,rain,high,low,1.8,2,4,59.0
32,4.24,sunny,low,high,1.2,4,3,27.0
33,2.24,rain,medium,high,5.8,2,2,29.3
34,19.03,rain,medium,medium,3.3,18,1,73.3
35,19.35,sunny,low,low,8.4,4,6,42.8
36,16.36,sunny,HIGH,high,6.9,13,3,74.4
37,6.79,snow,low,high,9.7,20,6,45.4
38,2.86,snow,low,high,2.9,15,3,39.9
39,14.0,sunny,HIGH,medium,5.1,0,4,60.4
40,9.36,Sunny,HIGH,high,5.3,16,4,49.7
41,3.32,Sunny,HIGH,medium,2.8,10,3,28.7
42,10.41,rain,medium,medium,6.1,8,4,50.2
43,1.65,RAIN,low,low,4.7,20,2,14.3
44,18.28,rain,high,low,4.7,3,1,81.8
45,5.92,rain,HIGH,medium,3.9,1,1,39.5
46,13.59,RAIN,HIGH,low,0.7,8,6,60.1
47,6.92,sunny,low,low,5.5,21,1,8.4
48,10.88,Sunny,high,high,3.7,4,6,55.0
49,11.39,rain,low,low,0.5,3,3,41.9
50,4.51,RAIN,,medium,3.4,22,5,28.6
51,19.42,snow,HIGH,low,3.1,4,3,95.4
52,15.73,rain,HIGH,high,4.2,23,3,80.2
53,18.85,Sunny,medium,medium,1.8,23,2,69.3
54,18.0,sunny,high,low,5.3,17,1,69.0
55,12.36,rain,high,medium,7.1,12,4,58.3
56,18.52,rain,HIGH,low,6.5,4,4,71.4
57,2.68,RAIN,HIGH,high,8.1,23,0,38.7
58,4.72,snow,HIGH,low,4.8,18,0,35.0
59,1.86,snow,high,medium,5.4,22,6,43.7
60,7.18,sunny,medium,medium,8.2,2,5,17.7
61,8.38,Sunny,high,medium,4.6,21,6,45.6
62,6.16,sunny,HIGH,low,7.2,17,4,22.7
63,16.75,rain,HIGH,low,4.6,5,1,67.2
64,7.78,rain,medium,low,4.5,5,6,28.0
65,6.34,snow,low,high,7.7,23,3,47.5
66,11.31,Sunny,low,high,2.2,4,4,49.0
67,3.68,RAIN,,high,3.7,0,5,44.3
68,16.24,Sunny,low,medium,2.6,7,5,61.6
69,2.42,rain,low,medium,3.9,0,4,19.8
70,19.75,RAIN,high,medium,2.7,20,0,87.9
71,15.67,Sunny,HIGH,medium,6.0,5,1,62.1
72,4.78,Sunny,low,medium,8.1,19,4,8.2
73,1.1,RAIN,HIGH,low,8.0,13,3,13.7
74,16.49,rain,high,medium,4.0,10,3,74.8
75,14.43,Sunny,HIGH,low,9.9,1,2,49.6
76,14.85,RAIN,HIGH,high,,20,3,68.0
77,15.65,rain,high,high,4.3,3,4,74.3
78,2.41,RAIN,HIGH,high,8.4,12,4,34.1
79,7.81,RAIN,low,high,7.4,6,3,30.6
80,3.2,Sunny,low,high,7.6,5,0,8.4
81,17.4,rain,low,medium,2.4,2,1,70.4
82,12.84,Sunny,,medium,4.9,8,5,37.4
83,7.29,sunny,HIGH,medium,8.7,13,4,29.2
84,2.21,,low,high,5.3,19,3,16.0
85,6.91,rain,HIGH,high,7.0,10,5,52.9
86,7.18,RAIN,medium,low,6.1,4,3,35.0
87,14.86,Sunny,HIGH,medium,8.5,13,4,47.5
88,13.11,Sunny,low,high,3.2,18,2,45.9
89,17.86,rain,medium,high,6.0,7,1,73.4
90,9.97,rain,high,high,1.7,6,4,69.8
91,3.27,sunny,HIGH,low,,6,5,30.7
92,14.55,snow,low,high,7.5,23,3,72.6
93,15.45,rain,low,low,0.9,22,2,53.9
94,11.66,snow,low,low,6.9,2,6,40.6
95,15.65,rain,high,medium,4.4,2,4,67.0
96,10.38,RAIN,medium,high,1.7,17,1,63.6
97,10.93,RAIN,medium,low,4.5,12,2,38.4
98,9.12,sunny,low,high,2.3,0,5,37.8
99,1.48,sunny,HIGH,medium,4.4,4,3,29.4
100,3.05,snow,low,medium,4.2,3,0,22.5
101,1.6,rain,low,low,7.5,15,6,7.2
102,13.09,Sunny,HIGH,medium,7.9,14,6,47.3
103,6.97,sunny,low,medium,6.3,17,1,28.5
104,10.66,Sunny,high,medium,0.7,16,2,48.4
105,18.24,Sunny,low,high,9.3,13,4,61.9
106,5.74,rain,high,high,7.0,13,4,39.8
107,8.8,snow,low,low,0.8,18,2,53.2
108,15.36,rain,medium,low,8.3,5,4,55.7
109,5.35,sunny,HIGH,medium,,12,6,32.4
110,2.46,Sunny,medium,medium,6.0,17,6,14.1
111,6.51,rain,low,low,4.9,14,6,28.4
112,4.06,rain,low,medium,4.5,22,2,24.5
113,18.66,rain,high,low,9.0,6,1,68.2
114,16.35,sunny,low,high,4.7,18,6,57.9
115,13.03,snow,low,medium,1.2,16,4,65.2
116,17.56,rain,low,medium,9.5,8,1,58.6
117,16.27,sunny,medium,medium,9.2,10,3,51.9
118,4.54,Sunny,high,high,7.0,4,3,30.1
119,17.96,RAIN,medium,high,4.9,1,3,74.8
120,11.25,sunny,high,medium,1.4,14,3,52.1
121,16.34,RAIN,medium,low,8.0,23,4,56.8
122,18.03,rain,low,high,1.2,11,2,70.0
123,7.04,rain,medium,medium,1.2,9,4,42.4
124,3.09,sunny,medium,medium,5.6,9,5,18.5
125,5.33,RAIN,high,high,2.0,19,4,53.8
126,9.12,rain,high,low,0.6,10,1,52.0
127,16.54,Sunny,medium,medium,4.5,9,2,54.7
128,17.35,snow,high,low,1.8,6,6,85.2
129,1.13,snow,high,low,2.0,13,0,33.8
130,10.7,rain,high,high,1.2,12,0,69.8
131,8.93,RAIN,HIGH,medium,2.4,4,6,53.7
132,5.22,rain,high,medium,7.3,18,2,38.0
133,3.28,RAIN,HIGH,low,8.2,9,0,23.4
134,7.41,Sunny,HIGH,high,4.8,7,2,40.6
135,18.92,RAIN,high,high,5.3,17,1,82.9
136,7.14,rain,medium,high,0.8,0,1,50.9
137,10.86,Sunny,high,low,1.2,4,4,49.2
138,14.36,sunny,low,low,2.9,10,0,47.4
139,7.91,snow,medium,medium,5.7,19,6,54.4
140,19.46,rain,HIGH,high,7.5,10,2,93.9
141,19.29,,HIGH,low,6.2,15,1,76.6
142,5.78,rain,medium,high,4.2,9,4,42.9
143,10.45,Sunny,medium,low,1.6,14,0,30.5
144,6.72,sunny,high,medium,7.9,6,0,28.2
145,6.41,RAIN,HIGH,high,4.0,14,0,55.4
146,1.7,sunny,low,low,7.5,15,1,5.0
147,12.58,Sunny,high,high,5.4,5,1,60.8
148,10.55,,medium,low,7.5,10,0,25.2
149,1.98,snow,HIGH,low,9.1,16,1,32.4
150,6.29,rain,medium,low,9.2,14,0,17.7
151,18.26,RAIN,medium,high,5.6,15,3,70.9
152,5.55,snow,medium,low,5.4,23,1,38.8
153,3.75,rain,high,medium,3.0,1,2,44.5
154,10.3,snow,low,high,9.4,3,1,54.2
155,19.73,sunny,low,medium,4.9,18,0,56.7
156,5.6,Sunny,HIGH,medium,1.7,5,2,40.4
157,13.77,rain,medium,high,4.6,17,4,61.9
158,15.47,RAIN,low,low,1.7,20,2,53.6
159,5.52,sunny,,medium,5.3,10,2,28.9
160,14.84,rain,HIGH,high,5.8,8,1,79.4
161,7.99,sunny,medium,low,3.7,2,5,24.3
162,13.01,RAIN,low,high,1.2,1,2,61.2
163,13.04,rain,medium,high,9.5,17,2,57.9
164,11.18,RAIN,low,high,7.8,14,6,50.5
165,2.72,snow,HIGH,low,8.5,21,0,27.3
166,16.87,RAIN,medium,medium,4.0,17,1,73.9
167,7.09,snow,low,medium,7.7,18,0,36.7
168,4.54,rain,HIGH,high,5.1,14,1,46.5
169,1.77,snow,medium,high,2.4,16,4,46.5
170,12.23,rain,HIGH,low,1.7,17,5,58.9
171,13.87,rain,low,high,3.8,17,2,66.5
172,1.32,Sunny,medium,high,1.8,10,6,21.6
173,10.73,rain,medium,high,,17,1,50.7
174,5.3,snow,medium,medium,1.0,22,2,47.8
175,13.26,Sunny,HIGH,high,4.7,2,2,66.0
176,4.31,Sunny,HIGH,medium,4.8,12,3,32.0
177,14.13,rain,low,low,3.4,13,0,53.6
178,8.35,RAIN,high,low,5.9,3,5,47.9
179,18.8,RAIN,medium,medium,1.9,17,6,72.2
180,3.61,Sunny,medium,medium,7.9,4,1,20.6
181,7.48,rain,low,medium,3.7,13,4,26.5
182,3.16,RAIN,medium,medium,6.1,11,5,21.0
183,18.57,rain,HIGH,high,7.3,6,3,86.3
184,17.67,rain,HIGH,medium,8.9,11,0,68.5
185,5.9,Sunny,medium,medium,8.4,7,4,21.0
186,13.54,Sunny,medium,medium,6.3,20,4,48.8
187,16.53,sunny,HIGH,high,,20,2,71.0
188,11.55,RAIN,medium,high,5.3,2,0,60.6
189,11.06,RAIN,HIGH,high,7.8,21,3,68.0
190,5.6,RAIN,high,low,8.8,0,1,21.6
191,2.77,snow,high,high,1.5,2,1,57.4
192,18.05,rain,medium,medium,4.2,10,3,73.0
193,18.11,Sunny,medium,high,7.9,17,2,60.3
194,13.03,RAIN,medium,high,4.6,6,2,57.6
195,7.44,sunny,HIGH,medium,3.7,8,4,36.4
196,7.63,RAIN,high,high,4.4,3,0,56.7
197,14.79,rain,high,low,6.2,22,4,58.2
198,18.05,rain,low,high,10.0,23,6,69.9
199,17.85,Sunny,low,low,5.2,9,6,49.4
200,15.82,,medium,low,2.5,17,1,71.3
201,13.2,Sunny,HIGH,low,2.0,22,3,58.5
202,2.6,RAIN,medium,medium,0.9,15,0,31.9
203,4.07,sunny,high,high,5.8,11,3,36.7
204,18.07,Sunny,,low,5.7,18,0,46.2
205,12.52,snow,medium,low,2.4,23,5,65.5
206,1.17,Sunny,high,high,7.1,21,1,31.3
207,2.93,rain,high,medium,7.5,2,1,30.1
208,13.61,RAIN,high,medium,3.0,7,5,65.2
209,1.1,RAIN,high,low,3.8,18,0,27.5
210,4.06,RAIN,low,medium,9.9,8,2,8.2
211,11.43,RAIN,HIGH,high,4.1,18,0,71.4
212,14.15,RAIN,HIGH,medium,7.7,16,1,72.7
213,13.39,RAIN,high,high,4.8,12,6,72.5
214,5.26,sunny,HIGH,low,8.0,1,3,22.4
215,14.53,snow,HIGH,high,7.8,3,4,84.7
216,5.51,RAIN,HIGH,low,6.8,10,3,38.6
217,7.18,snow,HIGH,high,8.6,1,1,61.8
218,15.18,RAIN,high,high,9.4,3,3,72.5
219,13.34,Sunny,medium,medium,6.0,3,2,37.2
220,17.14,RAIN,medium,high,2.8,19,2,78.5
221,13.49,rain,medium,low,4.3,0,6,50.0
222,11.8,sunny,,high,7.7,10,0,31.0
223,2.78,Sunny,HIGH,low,6.7,22,3,10.3
224,7.99,,high,low,2.2,1,3,33.3
225,6.04,,high,high,1.0,18,1,53.9
226,5.64,RAIN,low,medium,7.0,7,0,25.4
227,19.49,sunny,high,high,2.9,22,0,84.4
228,8.47,Sunny,medium,high,5.2,19,3,38.9
229,17.95,sunny,low,medium,7.6,3,4,63.0
230,12.99,Sunny,high,low,5.8,15,3,44.8
231,16.1,RAIN,low,high,1.3,14,3,67.4
232,10.55,Sunny,low,medium,2.3,4,3,43.7
233,11.96,Sunny,high,medium,2.6,4,2,62.1
234,10.36,snow,medium,low,2.9,14,5,47.2
235,4.71,RAIN,high,medium,5.9,22,0,45.1
236,14.73,rain,HIGH,low,5.3,16,5,53.6
237,6.33,rain,HIGH,high,2.4,2,2,70.5
238,1.46,RAIN,high,medium,1.1,17,4,44.0
239,13.26,rain,medium,high,2.1,10,1,69.9
240,4.37,RAIN,HIGH,medium,9.9,5,6,37.5
241,18.87,rain,HIGH,medium,5.0,11,4,84.8
242,19.12,snow,high,high,8.7,21,0,93.6
243,18.38,rain,high,medium,8.6,16,1,82.8
244,8.03,Sunny,high,high,5.4,13,5,54.4
245,1.29,RAIN,,high,7.2,5,4,16.6
246,18.64,sunny,low,low,2.3,9,0,53.0
247,9.14,sunny,low,high,7.0,15,6,27.9
248,19.37,RAIN,high,low,3.1,17,6,79.2
249,19.31,snow,medium,high,8.4,19,4,86.5
250,17.21,rain,HIGH,medium,1.3,5,1,88.3
251,6.59,snow,low,high,7.8,18,1,53.4
252,8.32,sunny,medium,medium,1.4,2,4,30.0
253,17.17,RAIN,high,low,8.9,11,2,69.7
254,7.02,RAIN,low,medium,3.4,15,4,38.4
255,4.22,snow,high,high,6.7,2,5,45.9
256,11.58,snow,medium,medium,5.1,15,4,65.4
257,18.79,rain,low,low,,3,4,54.2
258,14.22,Sunny,low,medium,6.6,19,2,39.2
259,11.83,Sunny,low,medium,9.5,12,3,26.6
260,2.85,rain,low,high,0.9,3,1,24.6
261,12.69,Sunny,medium,high,9.2,3,5,52.5
262,19.81,sunny,low,medium,6.3,6,0,54.2
263,3.66,Sunny,HIGH,low,8.2,20,1,14.2
264,10.85,rain,HIGH,medium,4.1,11,1,59.6
265,17.67,Sunny,high,low,5.0,1,3,65.7
266,15.07,RAIN,low,low,8.8,15,1,39.8
267,14.24,snow,HIGH,low,4.4,6,1,74.9
268,14.35,sunny,HIGH,medium,5.6,18,2,57.2
269,7.83,,HIGH,low,0.7,10,2,42.6
270,6.58,RAIN,medium,medium,2.0,0,2,44.4
271,16.38,rain,low,low,6.6,8,2,61.6
272,16.39,snow,medium,low,7.3,4,2,66.4
273,17.47,snow,medium,medium,6.0,16,5,74.2
274,18.35,sunny,,high,,0,0,79.1
275,10.72,rain,HIGH,high,4.7,16,3,70.6
276,10.53,sunny,high,medium,3.9,11,4,49.0
277,16.17,Sunny,low,medium,5.2,12,6,44.0
278,13.35,RAIN,low,high,,23,5,46.0
279,14.34,sunny,HIGH,high,7.9,10,2,65.4
280,16.12,RAIN,HIGH,high,1.3,12,3,80.5
281,17.91,rain,low,medium,,12,4,57.9
282,7.42,Sunny,high,low,5.0,5,1,39.4
283,8.14,rain,HIGH,medium,7.6,21,5,43.1
284,2.79,Sunny,high,high,1.8,5,1,41.5
285,11.99,Sunny,medium,low,6.9,19,3,27.6
286,1.68,RAIN,HIGH,medium,2.7,20,0,38.2
287,9.85,rain,medium,high,4.7,9,0,56.8
288,11.31,rain,HIGH,medium,0.7,18,3,67.5
289,6.44,sunny,medium,low,1.9,2,6,19.0
290,12.23,rain,HIGH,high,1.4,6,6,78.2
291,1.58,sunny,high,medium,2.8,4,0,25.3
292,1.71,snow,high,low,,7,6,47.8
293,16.63,snow,high,low,7.1,4,0,73.3
294,7.84,snow,medium,medium,0.8,11,1,61.0
295,3.41,rain,high,low,6.4,3,6,23.0
296,10.92,rain,medium,high,1.8,18,0,59.4
297,15.63,sunny,HIGH,low,9.5,17,0,47.3
298,5.1,Sunny,medium,medium,9.4,2,3,13.5
299,12.83,sunny,,high,2.6,6,0,64.6
300,2.62,snow,low,low,6.3,7,6,27.5
301,1.98,sunny,low,low,0.8,14,6,7.3
302,11.1,Sunny,low,high,9.4,20,5,43.2
303,11.27,rain,medium,high,5.5,16,2,57.3
304,13.11,sunny,low,low,0.9,18,2,44.7
305,14.8,snow,low,high,3.8,3,3,76.0
306,19.54,snow,low,medium,1.2,15,2,80.2
307,10.81,rain,HIGH,low,4.2,12,1,57.7
308,7.14,sunny,high,medium,6.9,11,5,42.6
309,16.11,Sunny,medium,low,5.0,3,5,50.5
310,6.15,rain,low,medium,4.1,11,3,34.7
311,9.34,sunny,HIGH,medium,,16,6,54.5
312,2.49,RAIN,high,high,2.8,8,0,42.8
313,1.48,snow,high,low,1.5,11,2,34.1
314,19.29,Sunny,high,high,8.2,14,1,79.8
315,16.88,Sunny,HIGH,high,1.8,19,6,87.1
316,14.22,Sunny,low,low,6.2,1,3,36.7
317,8.77,snow,high,medium,3.8,8,6,66.9
318,4.29,sunny,HIGH,low,2.6,13,3,25.1
319,3.97,rain,HIGH,low,6.6,3,0,30.5
320,5.75,sunny,medium,low,4.8,3,4,13.8
321,11.44,rain,HIGH,high,4.3,5,2,71.9
322,14.58,Sunny,high,low,6.1,23,1,55.8
323,13.54,sunny,high,low,,4,3,41.9
324,6.32,Sunny,HIGH,low,3.4,23,6,22.4
325,19.14,RAIN,high,medium,5.8,16,2,73.7
326,15.02,Sunny,HIGH,medium,6.9,12,6,66.2
327,11.53,Sunny,high,medium,0.8,19,1,51.0
328,12.62,rain,medium,medium,4.9,16,5,55.7
329,8.97,RAIN,low,high,1.0,18,5,59.6
330,5.71,Sunny,medium,high,2.3,22,1,36.0
331,7.76,Sunny,medium,low,5.8,0,5,23.9
332,15.4,RAIN,low,high,8.7,20,3,56.5
333,1.27,RAIN,high,medium,8.9,16,2,26.8
334,3.21,sunny,low,low,1.2,21,1,5.0
335,1.87,rain,HIGH,low,4.5,2,3,15.7
336,1.77,RAIN,low,medium,6.0,13,2,15.4
337,17.25,RAIN,medium,medium,1.9,11,2,73.1
338,14.37,snow,low,medium,7.8,14,3,58.1
339,10.01,RAIN,high,high,7.6,5,2,57.2
340,2.86,rain,medium,low,9.1,19,4,11.6
341,10.34,Sunny,HIGH,medium,0.6,21,1,48.7
342,10.0,Sunny,high,low,2.6,1,1,45.6
343,4.29,Sunny,medium,low,8.4,3,2,10.0
344,9.24,Sunny,HIGH,high,6.9,12,3,57.6
345,8.57,snow,high,low,9.0,12,0,48.1
346,12.7,RAIN,HIGH,medium,1.0,22,5,69.2
347,13.07,Sunny,low,medium,6.2,21,2,39.6
348,1.86,sunny,low,low,5.9,22,0,5.0
349,8.12,Sunny,HIGH,low,0.8,16,2,28.5
350,12.89,RAIN,low,high,5.4,5,0,59.4
351,10.56,Sunny,HIGH,medium,6.3,10,2,57.8
352,17.27,snow,high,medium,2.3,18,3,96.0
353,13.52,rain,medium,low,3.1,15,5,61.6
354,4.1,rain,HIGH,low,6.6,7,6,33.9
355,2.34,RAIN,medium,low,4.9,0,6,15.4
356,13.21,rain,medium,medium,8.7,9,0,54.2
357,1.5,rain,HIGH,low,3.8,1,4,30.3
358,12.13,sunny,low,high,3.0,18,3,39.8
359,18.86,RAIN,high,high,9.9,13,5,86.9
360,11.93,RAIN,medium,low,9.2,2,2,39.3
361,8.38,rain,high,high,0.8,22,0,71.6
362,13.22,rain,medium,high,7.8,23,5,62.2
363,9.71,rain,HIGH,high,1.5,8,1,55.0
364,11.37,snow,low,high,0.8,22,3,70.3
365,18.89,Sunny,high,high,3.1,7,0,72.6
366,8.34,snow,medium,medium,3.1,10,3,59.7
367,19.26,RAIN,HIGH,low,,14,0,69.0
368,18.2,sunny,HIGH,high,7.3,5,6,70.2
369,4.72,Sunny,medium,low,9.8,1,1,5.0
370,2.32,sunny,medium,high,7.3,0,4,13.7
371,2.91,RAIN,medium,medium,4.5,2,1,24.6
372,1.35,RAIN,low,medium,7.1,22,2,8.2
373,2.79,sunny,medium,high,10.0,17,3,14.9
374,13.98,sunny,medium,high,7.2,13,4,45.6
375,2.35,sunny,low,high,7.7,16,3,11.6
376,7.06,RAIN,HIGH,medium,9.4,1,5,49.0
377,17.05,rain,medium,medium,1.6,18,0,69.0
378,1.44,sunny,high,low,7.2,21,2,13.8
379,16.47,Sunny,,medium,8.6,8,2,54.8
380,6.36,RAIN,high,high,9.6,7,3,50.5
381,3.25,snow,medium,low,2.5,9,6,37.4
382,14.24,snow,low,medium,5.3,8,2,70.5
383,12.95,Sunny,low,medium,7.0,7,3,38.5
384,17.67,rain,low,high,2.9,6,0,77.9
385,14.97,sunny,medium,low,6.2,21,0,36.1
386,16.27,RAIN,medium,medium,2.9,23,3,65.4
387,6.36,sunny,high,medium,3.7,5,1,32.6
388,4.37,RAIN,low,high,4.7,1,1,34.1
389,15.26,snow,medium,low,5.5,8,0,61.5
390,16.33,sunny,HIGH,low,4.8,8,4,61.7
391,19.82,Sunny,medium,low,5.2,18,1,70.6
392,8.84,rain,medium,low,3.3,8,3,40.7
393,8.07,Sunny,HIGH,high,2.0,1,0,58.9
394,15.75,rain,,medium,0.9,18,2,57.2
395,7.48,sunny,HIGH,medium,2.4,15,2,41.1
396,18.68,sunny,low,low,6.0,21,6,49.9
397,17.31,rain,HIGH,low,8.0,13,1,67.7
398,9.15,snow,high,low,2.1,19,4,69.1
399,15.27,RAIN,low,medium,1.5,23,5,57.3
400,15.34,Sunny,medium,medium,7.6,0,1,50.5
401,2.96,Sunny,high,low,3.4,12,4,7.7
402,18.15,Sunny,low,high,9.5,21,1,60.2
403,10.6,,low,medium,7.3,1,2,32.6
404,16.7,Sunny,low,medium,3.6,21,4,52.5
405,7.08,RAIN,HIGH,low,3.3,13,2,44.3
406,18.01,RAIN,low,high,5.5,0,6,69.6
407,8.39,rain,medium,low,1.3,14,3,32.5
408,1.21,sunny,low,low,1.6,17,3,5.0
409,18.2,RAIN,medium,high,2.2,8,0,77.7
410,2.73,snow,medium,high,7.9,21,2,32.2
411,7.07,sunny,medium,high,5.4,7,2,28.1
412,19.05,sunny,high,medium,0.6,6,6,74.3
413,19.06,RAIN,medium,low,6.9,8,0,62.1
414,11.9,snow,HIGH,medium,4.5,8,3,73.0
415,13.0,rain,low,high,5.4,10,3,51.4
416,9.52,RAIN,HIGH,medium,2.5,3,4,52.9
417,6.57,snow,high,high,5.7,6,4,59.8
418,7.24,sunny,low,high,9.8,20,5,27.1
419,13.78,snow,medium,low,1.2,6,6,58.9
420,15.3,sunny,low,low,3.2,3,3,39.5
421,16.04,RAIN,high,low,2.8,11,5,74.6
422,16.0,RAIN,high,medium,2.9,16,1,72.5
423,2.73,Sunny,HIGH,low,4.1,19,2,12.0
424,10.39,Sunny,low,high,8.3,2,4,35.8
425,2.09,Sunny,low,low,9.2,8,1,5.0
426,11.44,RAIN,low,medium,2.4,4,4,34.6
427,9.39,rain,HIGH,low,5.7,19,0,47.3
428,17.87,RAIN,high,low,6.6,15,2,75.0
429,7.67,snow,medium,low,5.5,7,5,41.3
430,3.22,RAIN,low,medium,4.6,20,5,26.4
431,3.72,RAIN,HIGH,high,2.3,15,4,51.6
432,177.14226094012628,sunny,HIGH,high,5.1,18,3,66.0
433,12.75,sunny,medium,high,4.3,15,6,63.3
434,2.92,sunny,high,low,8.1,17,5,15.6
435,2.6,RAIN,low,low,7.8,14,0,10.6
436,14.32,rain,low,medium,1.8,23,0,52.8
437,2.38,snow,HIGH,high,1.3,17,3,47.9
438,16.62,snow,high,low,9.1,13,0,68.5
439,14.42,rain,low,low,,23,6,51.1
440,2.55,rain,medium,low,8.6,15,2,20.9
441,2.61,snow,high,medium,1.1,4,4,50.0
442,19.75,Sunny,high,high,5.5,7,0,83.1
443,8.11,sunny,HIGH,medium,5.6,15,2,44.4
444,8.04,sunny,HIGH,high,8.7,20,3,50.6
445,16.44,snow,low,high,1.4,0,4,75.4
446,19.0,rain,HIGH,low,2.8,10,3,86.8
447,19.73,Sunny,high,low,4.4,10,4,67.0
448,15.31,snow,,low,8.7,1,6,60.9
449,8.15,sunny,low,low,9.4,21,0,7.8
450,2.59,RAIN,high,low,9.9,18,0,26.1
451,15.77,rain,low,high,9.6,23,4,53.6
452,11.61,RAIN,medium,low,0.6,4,2,54.7
453,9.06,snow,medium,low,1.0,2,2,54.2
454,18.22,sunny,low,medium,,22,2,51.5
455,3.11,Sunny,HIGH,medium,3.8,7,1,33.1
456,10.36,RAIN,medium,high,8.4,3,5,46.1
457,1.22,Sunny,low,high,9.0,12,5,13.6
458,9.9,sunny,medium,medium,2.3,21,5,39.7
459,2.07,RAIN,HIGH,medium,6.4,13,2,24.3
460,3.26,Sunny,high,low,9.2,0,0,8.7
461,3.23,Sunny,low,low,4.9,4,6,23.3
462,13.33,RAIN,low,high,1.5,20,1,74.7
463,15.17,sunny,low,medium,4.8,6,2,45.7
464,12.08,Sunny,low,high,4.1,22,0,48.4
465,19.28,snow,low,low,6.0,5,1,76.7
466,8.12,RAIN,low,high,4.7,14,0,37.3
467,6.43,rain,HIGH,high,0.7,14,4,61.9
468,17.5,,high,high,,7,0,85.6
469,5.25,sunny,HIGH,low,5.7,1,1,25.7
470,19.3,snow,HIGH,high,5.0,13,2,108.9
471,1.23,Sunny,high,low,9.6,15,5,7.9
472,19.43,rain,HIGH,medium,2.0,22,1,93.4
473,1.82,sunny,medium,high,2.3,9,2,23.9
474,17.93,snow,HIGH,high,8.2,14,2,86.3
475,11.03,snow,low,low,3.0,22,6,54.2
476,19.87,sunny,medium,high,8.1,3,3,76.4
477,2.4,sunny,medium,low,3.1,11,6,7.7
478,11.52,Sunny,high,high,0.8,9,4,56.9
479,19.42,sunny,HIGH,medium,5.4,1,3,78.1
480,10.94,Sunny,HIGH,medium,2.4,3,5,53.5
481,12.96,Sunny,medium,medium,7.7,19,1,43.1
482,14.22,RAIN,HIGH,high,6.6,5,3,75.7
483,9.64,snow,HIGH,high,9.3,13,5,72.8
484,12.92,snow,high,medium,7.9,22,2,72.7
485,12.1,snow,medium,medium,2.2,2,1,63.3
486,18.12,RAIN,low,low,8.1,14,3,46.6
487,1.86,Sunny,medium,low,6.6,0,0,5.0
488,6.34,Sunny,high,medium,6.9,18,5,37.3
489,19.06,sunny,high,medium,8.4,0,5,67.4
490,17.92,RAIN,high,high,6.0,12,4,91.1
491,9.66,sunny,HIGH,medium,4.9,7,0,38.0
492,12.78,RAIN,medium,low,6.5,17,1,40.5
493,6.27,sunny,HIGH,low,3.3,21,3,24.5
494,4.57,rain,HIGH,low,,2,2,36.7
495,9.81,snow,medium,low,6.4,22,3,55.7
496,7.71,snow,high,low,,17,6,66.1
497,12.09,,,low,1.3,19,1,40.0
498,2.48,rain,low,medium,0.5,8,1,14.1
499,19.51,snow,medium,low,6.3,5,1,72.2
500,19.74,Sunny,medium,low,3.9,19,1,44.3
501,14.27,rain,high,low,7.6,1,6,59.5
502,11.19,snow,medium,low,4.1,3,5,61.8
503,6.88,sunny,medium,medium,5.1,17,3,30.6
504,16.46,RAIN,high,high,4.4,6,0,75.3
505,14.01,rain,high,high,6.7,10,2,80.9
506,4.09,Sunny,HIGH,high,3.9,4,2,43.6
507,18.31,rain,medium,high,9.7,7,4,81.0
508,16.63,Sunny,low,low,9.4,10,5,44.2
509,19.05,rain,medium,high,8.6,23,1,74.2
510,14.79,Sunny,low,high,9.2,19,1,39.1
511,12.65,snow,low,medium,4.8,19,1,65.0
512,8.95,sunny,low,medium,5.6,14,5,31.0
513,18.72,snow,HIGH,medium,7.5,23,0,79.3
514,17.46,sunny,high,low,7.1,2,1,54.0
515,1.86,snow,high,low,9.0,6,4,25.1
516,1.5,snow,HIGH,low,7.3,23,4,34.4
517,8.15,rain,high,medium,,7,0,44.4
518,16.4,RAIN,HIGH,high,3.8,10,5,83.3
519,19.76,Sunny,medium,medium,8.4,9,1,59.1
520,3.86,Sunny,HIGH,low,7.1,19,6,12.4
521,12.29,Sunny,high,medium,7.1,8,3,55.2
522,8.24,sunny,high,high,3.6,14,3,46.8
523,19.43,Sunny,medium,low,8.0,19,2,59.5
524,17.0,Sunny,HIGH,high,9.1,23,0,63.1
525,16.93,rain,medium,high,2.6,21,3,75.2
526,9.91,snow,low,low,6.4,4,2,51.9
527,8.88,Sunny,HIGH,high,4.2,14,4,52.8
528,6.19,RAIN,medium,medium,9.9,3,2,26.2
529,2.07,Sunny,,high,5.0,4,1,17.1
530,17.43,sunny,,high,2.7,14,1,74.7
531,16.45,sunny,HIGH,high,4.1,16,4,76.7
532,19.99,sunny,low,medium,6.7,22,0,63.4
533,19.94,Sunny,low,high,1.2,7,5,74.6
534,11.55,rain,HIGH,high,6.2,18,1,66.9
535,15.61,RAIN,HIGH,medium,9.3,8,1,70.7
536,18.95,Sunny,medium,low,8.6,9,2,44.5
537,17.14,rain,high,low,,4,2,77.0
538,5.7,rain,high,low,9.9,9,2,32.4
539,9.56,Sunny,high,high,7.1,21,3,51.5
540,3.45,Sunny,HIGH,low,2.0,0,6,20.2
541,19.13,rain,high,medium,0.6,21,4,84.8
542,12.52,rain,medium,high,2.1,23,0,58.5
543,5.34,rain,HIGH,high,8.5,3,2,53.2
544,13.76,Sunny,HIGH,high,0.7,20,0,70.2
545,12.74,rain,high,low,2.7,4,6,57.9
546,7.81,sunny,low,low,7.7,22,2,11.6
547,3.16,Sunny,low,low,6.1,6,1,5.0
548,13.76,sunny,medium,high,7.9,22,6,49.1
549,10.89,snow,high,medium,7.6,4,0,71.6
550,15.67,Sunny,high,high,1.0,19,3,78.7
551,10.88,snow,HIGH,medium,9.0,7,2,68.0
552,17.19,rain,HIGH,high,2.7,16,5,93.1
553,11.49,rain,high,medium,5.8,0,4,70.5
554,11.66,RAIN,HIGH,high,6.6,21,1,67.2
555,17.66,rain,high,high,2.1,17,6,88.3
556,8.67,snow,medium,medium,9.8,11,6,48.4
557,3.55,rain,HIGH,medium,5.1,2,2,39.8
558,1.55,Sunny,high,medium,1.0,19,6,25.3
559,15.35,rain,HIGH,medium,9.4,13,0,62.3
560,12.79,RAIN,medium,medium,6.1,15,2,54.0
561,14.38,rain,HIGH,medium,7.1,17,1,69.3
562,5.05,snow,high,medium,5.5,9,4,52.3
563,3.59,snow,HIGH,medium,8.4,22,4,33.5
564,1.28,rain,HIGH,high,0.8,14,4,34.9
565,7.66,snow,high,medium,3.0,9,5,65.0
566,12.21,,low,medium,5.0,0,1,55.8
567,8.45,RAIN,HIGH,high,1.2,18,5,75.0
568,9.31,Sunny,HIGH,high,7.2,1,5,56.0
569,18.18,RAIN,medium,low,4.2,12,6,58.2
570,7.62,sunny,low,low,3.1,15,2,24.3
571,10.77,RAIN,medium,medium,0.5,7,1,61.7
572,15.89,rain,high,medium,7.3,2,1,68.7
573,8.53,Sunny,high,low,8.4,20,6,30.1
574,12.82,rain,medium,low,4.3,18,2,45.6
575,17.38,sunny,,medium,5.9,13,3,61.4
576,19.04,Sunny,low,low,2.7,10,5,61.8
577,3.79,snow,medium,medium,,11,4,22.7
578,18.61,RAIN,medium,high,0.6,10,0,81.7
579,10.35,rain,high,high,5.1,10,5,62.8
580,5.91,sunny,HIGH,low,6.6,21,0,25.6
581,9.72,snow,low,high,9.2,20,2,46.9
582,19.62,RAIN,medium,high,4.1,17,0,90.7
583,10.36,snow,low,high,7.8,9,3,47.5
584,7.25,RAIN,low,high,6.2,15,1,30.2
585,13.03,,medium,medium,9.3,7,4,40.2
586,5.56,snow,low,medium,4.3,5,0,32.1
587,2.44,snow,,low,3.5,18,0,39.2
588,3.45,snow,HIGH,high,8.9,12,2,46.0
589,3.43,Sunny,HIGH,high,1.0,14,2,43.1
590,3.89,sunny,HIGH,high,1.8,12,6,34.9
591,3.64,RAIN,high,low,1.3,0,1,41.6
592,13.18,snow,high,medium,8.5,20,4,74.5
593,4.46,Sunny,high,high,0.6,1,6,38.9
594,7.57,sunny,HIGH,medium,8.7,12,6,37.4
595,18.04,RAIN,low,low,4.8,1,0,59.1
596,10.01,Sunny,high,medium,0.5,10,1,55.4
597,13.68,RAIN,medium,high,4.3,12,4,68.9
598,4.27,snow,high,medium,2.3,9,1,53.8
599,4.65,sunny,medium,medium,6.4,22,0,18.6
600,1.78,Sunny,HIGH,low,7.0,21,2,16.5
601,4.21,sunny,medium,low,5.1,14,2,17.4
602,6.29,snow,high,low,0.9,0,2,53.5
603,4.36,sunny,high,low,6.7,13,3,23.1
604,2.69,sunny,low,medium,8.5,9,1,9.6
605,3.29,rain,HIGH,medium,7.3,17,0,41.1
606,9.75,sunny,medium,low,8.4,10,1,31.3
607,4.92,RAIN,HIGH,low,2.4,6,2,42.0
608,7.92,,high,high,8.9,14,5,41.0
609,10.56,rain,low,high,3.6,2,5,45.8
610,14.12,Sunny,high,low,0.6,1,1,59.4
611,1.75,Sunny,high,medium,8.5,21,4,19.8
612,16.19,snow,high,low,9.4,7,5,70.3
613,12.93,snow,medium,medium,6.7,7,5,56.1
614,2.55,rain,high,medium,2.7,10,1,44.7
615,17.6,snow,HIGH,high,2.9,15,6,101.4
616,18.5,snow,HIGH,low,4.9,1,3,78.6
617,2.16,snow,low,low,9.0,21,3,15.0
618,6.26,Sunny,HIGH,medium,1.9,4,2,31.8
619,16.32,rain,high,low,8.3,6,0,67.4
620,15.22,Sunny,high,high,3.3,19,6,81.0
621,4.51,RAIN,HIGH,high,8.2,12,4,42.8
622,4.98,Sunny,low,low,9.2,1,6,5.0
623,8.04,RAIN,low,low,4.6,2,0,27.2
624,10.21,sunny,HIGH,high,4.0,8,0,54.7
625,12.75,sunny,medium,low,8.1,9,4,29.7
626,8.01,RAIN,medium,medium,5.5,23,3,46.3
627,9.79,RAIN,medium,low,7.0,12,6,36.9
628,15.2,Sunny,medium,medium,6.4,20,5,50.2
629,1.7,RAIN,HIGH,low,2.0,12,2,26.6
630,5.8,rain,low,low,8.5,4,1,10.8
631,14.55,sunny,high,high,2.4,22,3,75.5
632,18.01,sunny,high,medium,9.4,6,2,71.9
633,10.72,RAIN,HIGH,high,2.9,16,5,59.4
634,11.11,snow,high,low,7.5,14,3,62.9
635,3.04,snow,medium,high,3.2,4,6,49.6
636,9.5,RAIN,low,low,3.5,23,4,40.7
637,11.12,rain,HIGH,low,3.4,6,0,60.3
638,5.61,snow,low,low,7.6,1,4,40.9
639,6.12,RAIN,HIGH,medium,5.8,23,5,45.4
640,8.17,rain,HIGH,medium,8.9,17,1,50.8
641,1.38,rain,HIGH,medium,3.4,9,4,32.1
642,7.12,Sunny,HIGH,high,7.1,0,5,38.8
643,5.02,rain,low,low,7.7,13,0,19.4
644,7.22,snow,high,high,1.9,18,3,74.3
645,3.28,snow,HIGH,high,4.3,15,2,56.4
646,17.92,RAIN,medium,low,5.1,18,5,54.3
647,12.28,RAIN,HIGH,high,3.9,5,5,64.9
648,13.9,rain,low,low,3.6,11,6,51.2
649,15.99,sunny,HIGH,low,7.0,2,1,52.7
650,10.47,Sunny,medium,low,2.6,6,3,35.1
651,2.65,sunny,low,low,,23,5,5.0
652,11.21,rain,HIGH,high,9.4,2,5,61.8
653,12.15,rain,medium,high,5.9,16,2,58.1
654,15.16,sunny,low,high,6.3,14,0,52.3
655,9.2,Sunny,HIGH,medium,1.2,18,4,51.1
656,3.42,sunny,medium,high,8.7,18,6,22.2
657,6.39,RAIN,low,high,3.2,22,3,36.3
658,7.9,snow,HIGH,medium,6.3,10,2,58.1
659,13.27,RAIN,low,low,9.8,20,2,32.7
660,11.84,snow,medium,low,6.2,19,4,55.7
661,7.77,,HIGH,low,7.4,1,3,37.1
662,19.74,Sunny,HIGH,medium,4.7,6,3,79.2
663,12.51,sunny,HIGH,high,1.1,18,6,65.0
664,5.51,Sunny,medium,high,8.1,6,0,32.5
665,2.93,sunny,high,high,0.8,9,3,44.5
666,3.9,RAIN,HIGH,high,7.2,11,6,45.3
667,5.67,RAIN,medium,medium,0.7,22,5,36.3
668,4.05,sunny,low,high,8.7,17,4,12.0
669,4.54,Sunny,low,low,2.0,22,3,16.0
670,6.42,sunny,medium,medium,5.4,5,0,24.4
671,4.29,rain,high,medium,6.2,19,2,37.7
672,18.04,RAIN,,low,4.8,20,5,61.4
673,2.52,rain,low,low,3.7,7,3,6.2
674,10.97,RAIN,low,high,4.9,4,4,57.4
675,8.8,RAIN,HIGH,low,3.5,2,3,46.8
676,19.67,snow,high,medium,4.7,1,6,86.1
677,3.13,rain,medium,medium,3.9,21,1,26.0
678,8.56,rain,low,medium,,5,0,28.8
679,19.42,snow,low,high,2.8,6,2,92.9
680,17.44,Sunny,low,high,9.9,7,1,57.7
681,16.52,rain,medium,low,5.3,3,4,65.7
682,5.9,sunny,medium,high,2.3,11,3,27.6
683,4.25,snow,high,high,5.0,23,0,63.9
684,13.7,rain,,medium,8.7,11,5,65.3
685,18.66,Sunny,HIGH,medium,0.7,16,6,70.3
686,11.58,rain,HIGH,low,7.0,21,6,60.5
687,11.86,RAIN,low,medium,5.7,21,3,45.1
688,6.32,sunny,HIGH,high,2.1,18,3,40.5
689,15.62,snow,low,low,,8,3,62.1
690,4.55,,high,low,4.0,11,5,28.4
691,7.15,Sunny,low,medium,3.3,20,3,30.3
692,9.08,RAIN,high,medium,8.4,16,0,48.2
693,10.64,RAIN,high,medium,6.6,22,5,54.3
694,5.61,Sunny,HIGH,low,9.0,9,5,14.5
695,3.18,RAIN,HIGH,medium,6.5,18,1,28.5
696,12.6,snow,low,high,7.5,10,4,64.6
697,6.48,rain,medium,low,8.4,19,5,16.2
698,12.04,RAIN,HIGH,medium,1.0,21,1,70.4
699,3.93,snow,HIGH,high,7.9,23,0,49.7
700,10.14,rain,medium,high,6.3,12,4,50.9
701,11.12,rain,medium,medium,1.2,3,5,56.8
702,1.98,RAIN,HIGH,high,5.3,14,2,38.6
703,7.4,snow,medium,low,1.3,11,1,51.8
704,3.55,RAIN,low,low,7.5,23,0,5.0
705,2.2,Sunny,high,high,5.7,9,0,33.8
706,19.81,rain,high,low,9.6,21,0,73.0
707,177.1881774309349,RAIN,HIGH,medium,2.2,6,6,47.4
708,16.39,rain,HIGH,high,6.3,23,4,86.4
709,5.84,snow,low,low,2.5,1,3,37.5
710,13.95,sunny,medium,medium,6.3,20,2,47.4
711,15.44,RAIN,HIGH,medium,7.4,6,4,68.2
712,12.32,RAIN,high,low,7.4,7,4,49.6
713,9.96,rain,low,high,8.2,20,5,39.6
714,8.82,snow,low,medium,8.6,18,6,50.0
715,7.63,Sunny,medium,medium,1.2,5,1,37.6
716,18.66,snow,HIGH,medium,3.8,20,2,96.3
717,16.78,RAIN,HIGH,medium,7.0,7,0,71.8
718,19.34,Sunny,low,high,5.2,21,4,76.9
719,3.36,snow,high,low,2.3,19,2,38.8
720,14.89,sunny,HIGH,low,5.8,3,1,50.8
721,18.83,rain,high,low,4.4,19,3,85.3
722,4.44,snow,low,medium,4.2,23,2,35.0
723,2.26,snow,HIGH,high,8.2,8,6,55.6
724,15.08,sunny,,low,4.4,4,6,56.9
725,11.91,RAIN,low,high,0.8,5,0,57.2
726,16.99,rain,high,low,1.1,18,6,73.7
727,3.66,snow,HIGH,medium,8.6,11,4,39.1
728,16.11,Sunny,medium,low,9.6,4,3,45.3
729,4.83,snow,high,medium,7.0,4,1,54.2
730,4.11,rain,medium,medium,4.0,17,0,31.9
731,4.12,snow,HIGH,low,9.4,5,3,37.5
732,16.48,sunny,medium,high,6.8,8,5,56.1
733,13.64,snow,low,medium,8.5,10,5,63.2
734,10.94,snow,medium,high,7.8,22,1,67.7
735,7.82,Sunny,high,low,4.1,13,0,34.9
736,17.67,sunny,high,medium,5.0,23,6,67.5
737,8.46,sunny,medium,high,2.3,1,4,42.8
738,16.52,snow,low,medium,3.3,13,1,68.1
739,9.34,Sunny,HIGH,low,7.9,18,6,26.2
740,8.16,snow,medium,medium,9.0,9,3,44.2
741,9.79,snow,high,low,7.4,4,0,51.2
742,6.73,rain,high,high,4.9,22,5,51.8
743,15.2,rain,medium,medium,1.3,3,5,63.6
744,10.55,Sunny,medium,high,1.0,6,2,50.1
745,5.41,RAIN,medium,low,4.1,23,0,25.6
746,18.09,rain,HIGH,low,4.9,12,3,58.1
747,8.29,RAIN,high,high,6.3,9,3,59.0
748,11.33,sunny,high,high,0.6,9,2,63.9
749,18.22,rain,high,low,9.9,3,6,72.6
750,12.86,rain,HIGH,high,4.0,15,3,72.7
751,3.22,Sunny,low,low,8.6,14,6,5.0
752,18.86,RAIN,high,high,5.6,20,6,89.1
753,12.93,,high,low,1.7,10,0,63.5
754,7.36,rain,low,low,8.1,18,6,17.8
755,3.65,Sunny,HIGH,medium,7.2,20,5,30.0
756,16.09,Sunny,low,low,5.5,23,1,48.2
757,12.78,RAIN,low,low,5.4,2,5,51.3
758,11.14,sunny,,medium,1.3,14,6,36.1
759,17.98,sunny,low,medium,6.7,15,5,55.5
760,15.98,snow,HIGH,high,9.2,13,0,79.7
761,3.88,rain,HIGH,high,1.4,4,6,40.5
762,6.92,RAIN,low,low,3.0,16,3,30.0
763,5.72,rain,medium,high,9.1,17,2,35.7
764,15.13,RAIN,medium,high,3.2,18,2,65.1
765,1.64,,medium,low,6.7,0,4,12.8
766,11.83,RAIN,medium,medium,5.6,8,2,55.4
767,15.49,rain,high,medium,6.2,20,2,71.3
768,17.66,Sunny,HIGH,low,4.4,13,3,68.8
769,7.5,rain,HIGH,low,3.3,19,1,40.2
770,16.6,RAIN,low,low,1.0,20,1,64.0
771,3.1,snow,high,low,7.6,19,3,33.3
772,17.08,sunny,low,low,7.6,20,2,48.3
773,3.42,RAIN,low,low,6.9,22,0,5.6
774,8.55,snow,HIGH,high,6.6,10,5,68.9
775,16.15,Sunny,high,high,2.8,23,6,76.2
776,3.85,RAIN,medium,high,0.7,1,5,43.1
777,5.36,snow,,medium,8.2,19,1,46.5
778,14.72,RAIN,high,low,5.2,23,3,65.1
779,14.68,rain,high,low,3.4,22,0,64.0
780,13.18,snow,HIGH,high,1.5,4,2,85.1
781,14.19,rain,HIGH,medium,1.1,21,3,80.3
782,11.31,rain,low,high,3.8,23,1,54.8
783,5.78,snow,low,low,8.1,14,6,20.1
784,7.57,sunny,low,low,9.2,11,0,8.3
785,4.45,snow,medium,high,9.0,13,0,49.8
786,18.26,sunny,HIGH,high,9.2,10,1,69.2
787,12.08,RAIN,high,low,9.1,20,0,53.0
788,8.62,RAIN,HIGH,high,5.5,8,5,55.8
789,9.78,snow,high,low,2.6,19,6,54.0
790,19.0,RAIN,medium,high,8.1,7,1,79.7
791,3.91,Sunny,HIGH,medium,2.5,11,5,29.1
792,12.14,rain,high,low,3.0,2,3,65.8
793,10.61,rain,high,medium,2.7,20,4,66.2
794,12.62,sunny,low,high,5.4,14,6,52.7
795,1.34,RAIN,medium,medium,3.6,7,2,27.0
796,17.57,sunny,HIGH,high,2.0,6,3,83.8
797,18.71,rain,low,medium,4.8,16,5,60.5
798,11.74,rain,medium,medium,8.8,11,2,45.5
799,14.24,RAIN,low,medium,5.9,19,2,56.0
800,18.53,,HIGH,low,8.8,17,5,58.6
801,14.44,Sunny,high,medium,2.4,17,5,62.3
802,3.9,RAIN,HIGH,high,2.1,14,6,52.8
803,11.95,RAIN,medium,high,6.0,22,1,63.9
804,12.53,sunny,HIGH,low,4.9,2,4,42.1
805,9.06,RAIN,medium,low,6.8,18,6,37.4
806,14.99,Sunny,low,high,8.0,14,5,53.2
807,18.75,RAIN,medium,medium,7.6,15,2,64.2
808,18.59,sunny,high,high,9.5,21,2,72.3
809,9.57,sunny,high,low,4.3,21,3,39.3
810,3.15,sunny,high,low,2.5,16,4,28.4
811,19.71,sunny,low,high,5.7,0,4,65.2
812,16.94,snow,medium,medium,1.6,10,2,83.0
813,3.37,RAIN,low,medium,3.2,5,4,29.1
814,18.5,rain,HIGH,low,2.5,22,3,86.8
815,17.53,RAIN,HIGH,high,-5.0,8,1,88.6
816,10.86,snow,HIGH,high,1.6,19,2,70.1
817,12.23,sunny,HIGH,low,0.8,15,0,55.3
818,8.58,snow,high,high,6.7,5,2,68.8
819,2.04,Sunny,medium,low,6.3,11,2,5.0
820,7.37,Sunny,high,medium,7.2,18,1,39.0
821,16.25,RAIN,medium,medium,6.8,12,5,71.9
822,1.09,RAIN,medium,high,1.6,12,5,32.4
823,7.34,rain,low,medium,3.3,3,0,27.0
824,8.57,rain,HIGH,medium,1.7,8,0,62.9
825,11.21,,medium,low,8.5,13,0,28.5
826,18.48,sunny,HIGH,low,7.6,13,5,64.9
827,7.58,snow,HIGH,high,2.4,16,6,70.2
828,7.59,rain,HIGH,low,3.7,4,1,45.6
829,15.01,rain,high,high,9.7,22,4,76.7
830,9.59,sunny,HIGH,high,6.1,18,0,55.5
831,5.27,sunny,medium,low,8.1,1,4,11.8
832,9.6,RAIN,high,medium,3.0,12,3,53.4
833,3.68,snow,HIGH,medium,2.5,10,1,51.0
834,4.35,sunny,low,medium,7.9,1,4,14.5
835,10.47,rain,HIGH,medium,7.0,0,5,51.2
836,8.96,rain,HIGH,high,7.0,20,6,52.9
837,18.38,Sunny,high,medium,5.8,2,5,76.8
838,7.89,sunny,medium,high,5.9,11,0,45.0
839,12.03,RAIN,HIGH,low,7.5,6,6,52.3
840,13.01,snow,high,low,3.1,0,0,73.3
841,1.25,RAIN,high,high,3.9,8,6,40.9
842,13.61,rain,medium,medium,8.8,17,4,41.4
843,4.38,RAIN,high,high,,23,5,50.1
844,19.26,rain,medium,medium,5.7,19,4,80.3
845,3.82,rain,low,medium,7.2,5,3,13.9
846,8.88,rain,HIGH,high,10.0,8,1,48.3
847,2.62,rain,high,high,4.6,22,5,38.7
848,19.94,rain,low,medium,4.6,7,2,68.9
849,10.54,Sunny,high,high,8.5,22,5,54.8
850,12.31,RAIN,high,medium,,17,3,65.7
851,2.27,Sunny,low,high,7.4,14,5,19.4
852,15.25,Sunny,high,low,4.9,0,3,58.1
853,4.99,sunny,high,medium,3.6,13,5,24.7
854,18.06,sunny,low,low,6.3,17,3,38.6
855,4.9,sunny,high,high,8.8,18,6,37.8
856,4.62,snow,medium,low,8.9,18,0,20.2
857,1.69,sunny,high,high,1.5,9,4,36.0
858,9.97,RAIN,HIGH,medium,4.6,19,5,57.8
859,11.73,,high,high,4.9,20,1,57.0
860,2.25,RAIN,HIGH,high,9.8,5,0,22.3
861,15.74,sunny,HIGH,medium,6.9,16,3,61.9
862,9.61,snow,high,high,4.4,13,1,76.1
863,10.96,snow,low,medium,0.7,12,0,56.3
864,9.37,Sunny,medium,high,5.9,7,2,35.6
865,8.61,RAIN,medium,medium,1.4,21,5,47.6
866,11.63,rain,high,low,8.4,9,5,42.5
867,3.95,,low,high,7.6,8,3,30.8
868,4.46,sunny,low,high,4.9,4,0,27.8
869,17.37,rain,medium,high,4.6,22,0,66.8
870,18.98,snow,low,medium,9.0,3,3,70.5
871,8.09,Sunny,high,high,3.2,5,2,50.2
872,6.14,Sunny,high,medium,2.9,5,5,36.8
873,13.24,snow,low,high,9.4,12,4,59.0
874,8.77,,high,low,8.2,3,2,24.8
875,1.48,snow,HIGH,high,8.3,21,3,42.2
876,3.97,sunny,medium,low,2.4,7,4,17.3
877,14.6,rain,high,medium,1.9,4,0,76.4
878,13.52,snow,low,low,0.7,1,6,62.6
879,1.51,sunny,medium,high,2.8,8,6,27.4
880,5.22,rain,high,high,7.9,10,2,40.9
881,5.39,snow,medium,medium,2.8,19,6,42.9
882,13.77,Sunny,low,high,7.4,19,2,46.5
883,1.37,snow,HIGH,high,2.9,10,6,36.2
884,2.98,RAIN,HIGH,medium,4.3,6,5,36.9
885,16.2,snow,high,medium,9.8,13,6,78.7
886,4.39,RAIN,HIGH,low,2.8,5,5,29.1
887,13.4,rain,high,medium,4.1,3,4,71.6
888,5.53,snow,medium,high,3.4,5,0,56.6
889,2.89,rain,high,medium,1.5,2,2,40.9
890,5.62,rain,high,high,5.2,22,4,42.1
891,14.72,sunny,high,low,4.1,5,2,49.4
892,17.26,rain,HIGH,medium,7.1,2,6,76.8
893,16.77,rain,high,high,8.3,0,5,77.7
894,8.55,snow,low,medium,5.7,20,0,44.7
895,13.69,snow,high,medium,0.8,17,6,76.6
896,4.89,Sunny,medium,medium,6.4,22,0,19.9
897,6.57,sunny,low,medium,1.0,22,1,33.0
898,18.03,rain,medium,low,6.4,3,4,63.0
899,1.25,sunny,medium,high,7.0,5,5,20.2
900,2.62,RAIN,medium,medium,2.4,16,5,31.4
901,4.95,rain,low,high,8.3,17,5,28.1
902,1.5,sunny,low,low,9.2,5,6,5.0
903,4.45,Sunny,HIGH,high,8.2,1,3,40.9
904,12.08,Sunny,low,high,3.4,11,2,50.8
905,9.01,rain,high,low,6.1,11,0,49.5
906,17.96,RAIN,medium,medium,9.2,3,2,65.7
907,16.53,Sunny,HIGH,high,3.5,15,2,73.4
908,7.49,Sunny,low,high,8.3,19,3,26.2
909,5.93,RAIN,medium,medium,0.6,9,0,46.0
910,8.21,sunny,low,medium,0.5,9,1,31.0
911,12.22,Sunny,HIGH,high,7.7,6,5,63.7
912,6.09,snow,low,low,7.7,13,4,36.1
913,12.86,Sunny,low,medium,8.0,6,2,40.6
914,8.78,sunny,medium,medium,9.3,11,3,31.2
915,11.49,sunny,high,low,1.6,10,3,56.0
916,9.29,rain,low,high,2.7,16,4,45.4
917,6.59,snow,,medium,9.1,10,4,48.8
918,19.02,sunny,,high,2.2,20,6,63.1
919,15.51,RAIN,low,high,7.0,2,0,55.6
920,3.66,snow,high,high,5.5,18,2,54.2
921,17.5,snow,medium,low,1.3,21,2,77.3
922,10.26,RAIN,HIGH,high,3.2,3,4,69.5
923,18.0,Sunny,medium,high,5.4,7,5,64.0
924,16.2,RAIN,medium,medium,8.6,13,6,58.2
925,9.08,RAIN,medium,medium,,19,1,44.8
926,1.43,Sunny,low,low,6.4,23,2,5.0
927,6.1,Sunny,high,low,5.2,13,3,27.1
928,11.29,,low,medium,3.3,15,5,43.4
929,13.04,,HIGH,medium,1.6,14,4,57.9
930,5.9,Sunny,high,low,4.4,11,2,25.3
931,3.65,RAIN,medium,high,0.8,15,0,46.2
932,16.86,rain,high,low,2.5,19,4,65.5
933,19.7,rain,HIGH,high,4.6,18,3,89.6
934,10.99,sunny,low,medium,4.5,4,0,30.7
935,4.26,rain,low,medium,0.9,11,6,32.2
936,6.17,rain,medium,medium,6.1,4,4,25.2
937,1.35,RAIN,low,high,5.7,9,4,28.4
938,18.37,Sunny,low,low,1.2,16,2,53.5
939,3.24,,HIGH,high,9.5,14,0,33.5
940,11.95,,high,low,1.4,7,6,65.4
941,6.21,rain,low,low,8.6,7,4,14.4
942,11.53,RAIN,HIGH,low,0.5,7,5,59.1
943,13.38,sunny,HIGH,medium,8.9,9,3,50.3
944,16.77,Sunny,medium,low,0.7,19,0,54.1
945,4.92,snow,HIGH,medium,7.7,12,5,44.7
946,1.21,sunny,medium,low,3.9,15,2,9.5
947,3.6,sunny,low,low,7.5,8,1,5.0
948,18.1,RAIN,medium,medium,4.3,15,6,69.5
949,17.6,rain,HIGH,medium,1.2,9,4,89.0
950,12.35,Sunny,high,high,7.8,2,1,61.9
951,12.41,snow,high,low,1.2,22,4,72.2
952,13.64,sunny,low,medium,9.3,21,5,34.8
953,4.33,snow,low,high,1.0,13,2,54.1
954,18.37,rain,high,high,5.1,12,2,83.7
955,8.96,rain,medium,medium,7.4,3,2,45.4
956,8.28,snow,low,low,4.2,3,2,42.9
957,10.86,Sunny,HIGH,high,2.6,5,0,53.1
958,1.89,rain,low,low,7.7,23,0,6.8
959,4.16,snow,medium,low,8.0,18,4,21.3
960,15.02,sunny,low,high,9.3,10,0,47.2
961,2.57,snow,HIGH,medium,4.1,7,4,46.2
962,12.46,snow,HIGH,low,5.3,13,6,60.9
963,5.66,RAIN,HIGH,medium,3.9,7,0,32.6
964,8.4,rain,medium,high,2.9,13,0,51.1
965,6.49,Sunny,medium,low,,22,0,16.4
966,7.76,Sunny,HIGH,medium,3.7,6,6,39.0
967,14.66,RAIN,HIGH,medium,4.6,20,3,70.4
968,6.65,Sunny,medium,low,4.3,17,6,18.9
969,11.76,snow,medium,medium,7.3,11,2,53.4
970,10.04,RAIN,medium,medium,9.2,13,6,50.8
971,13.61,sunny,high,high,6.8,14,3,64.3
972,18.8,rain,medium,high,5.0,17,0,78.3
973,14.92,rain,HIGH,medium,7.9,11,0,63.2
974,5.08,rain,high,medium,6.6,9,3,37.3
975,1.59,snow,medium,low,1.1,11,5,26.6
976,5.98,sunny,HIGH,high,1.4,7,4,46.5
977,12.31,RAIN,low,low,0.9,5,2,51.6
978,1.98,RAIN,high,medium,4.8,23,6,28.2
979,10.43,rain,HIGH,low,8.3,18,4,47.2
980,12.34,sunny,low,medium,3.5,0,5,43.8
981,7.35,sunny,HIGH,high,4.1,12,2,43.8
982,15.65,sunny,medium,high,9.1,21,1,52.6
983,3.03,Sunny,medium,medium,8.5,15,2,5.0
984,2.43,Sunny,low,high,6.8,17,6,22.5
985,14.84,rain,medium,medium,3.0,11,4,65.5
986,10.41,sunny,HIGH,low,1.6,4,2,41.5
987,14.08,,low,medium,0.7,20,1,45.3
988,9.26,RAIN,HIGH,low,1.5,12,1,45.8
989,5.68,RAIN,HIGH,medium,3.3,7,0,45.9
990,16.56,rain,HIGH,high,5.7,5,6,81.1
991,16.19,sunny,medium,medium,1.1,2,1,54.7
992,14.2,rain,medium,medium,1.8,19,3,58.6
993,6.17,RAIN,HIGH,medium,2.2,3,4,51.5
994,12.21,RAIN,high,high,6.5,11,3,66.9
995,7.86,Sunny,HIGH,medium,6.4,12,5,31.8
996,2.74,rain,HIGH,high,5.7,1,3,41.7
997,18.43,rain,low,medium,2.9,18,4,65.4
998,3.6,sunny,HIGH,low,4.0,3,5,24.2
999,19.05,sunny,medium,medium,1.4,22,3,75.0
1000,9.47,Sunny,,low,2.7,12,3,15.5
1001,4.52,snow,high,high,9.0,18,6,49.2
1002,11.3,snow,low,high,9.8,7,5,57.8
1003,17.59,snow,high,medium,6.7,7,3,86.3
1004,14.91,rain,low,high,9.2,15,1,64.9
1005,16.32,rain,low,medium,6.6,10,4,57.9
1006,13.52,RAIN,high,high,0.8,17,4,80.6
1007,14.15,rain,medium,low,10.0,3,4,47.6
1008,17.13,rain,medium,high,1.4,23,3,76.3
1009,5.74,rain,medium,low,,0,1,26.4
1010,132.28083601881914,Sunny,low,medium,2.9,0,4,36.4
1011,5.2,rain,HIGH,medium,4.2,13,2,43.1
1012,19.77,sunny,low,medium,6.6,3,4,48.8
1013,18.94,sunny,HIGH,low,4.6,10,0,62.5
1014,1.75,RAIN,HIGH,medium,2.9,17,2,34.7
1015,14.41,Sunny,medium,medium,3.7,15,4,50.3
1016,18.58,sunny,HIGH,low,3.7,16,3,70.0
1017,4.43,Sunny,low,high,9.6,23,4,20.6
1018,11.79,Sunny,low,medium,8.1,1,1,34.4
1019,18.39,RAIN,,high,,3,1,83.1
1020,1.64,Sunny,high,high,2.4,2,4,34.5
1021,14.25,rain,low,medium,8.2,14,6,47.3
1022,6.65,Sunny,HIGH,medium,,1,3,39.5
1023,18.56,RAIN,low,low,2.5,23,3,57.2
1024,19.45,RAIN,low,low,4.0,18,3,71.0
1025,18.94,RAIN,low,medium,8.9,8,4,56.9
1026,10.01,sunny,high,high,1.8,9,4,47.4
1027,17.38,rain,HIGH,low,1.7,20,0,85.7
1028,17.05,sunny,medium,low,5.2,18,1,49.4
1029,7.06,snow,low,medium,3.1,4,6,48.9
1030,16.75,rain,HIGH,medium,5.9,13,2,78.8
1031,1.7,Sunny,HIGH,medium,4.8,9,2,26.6
1032,12.33,RAIN,medium,medium,4.6,15,1,56.4
1033,5.37,snow,low,low,1.6,5,5,37.2
1034,3.29,rain,high,low,1.8,7,0,21.0
1035,2.46,sunny,,low,8.3,1,1,7.6
1036,14.23,RAIN,medium,high,8.9,17,0,48.9
1037,7.46,sunny,high,low,2.7,20,5,30.0
1038,14.77,rain,HIGH,low,,20,0,64.7
1039,2.24,rain,low,medium,1.0,20,3,21.9
1040,6.99,snow,HIGH,low,6.3,19,1,43.7
1041,11.25,Sunny,high,low,7.3,7,2,38.2
1042,16.02,sunny,high,low,4.0,4,4,55.7
1043,7.06,snow,low,medium,7.0,16,5,41.5
1044,12.89,,low,low,7.3,15,5,43.7
1045,17.83,Sunny,medium,low,9.4,4,4,48.3
1046,12.7,snow,low,high,1.1,16,1,74.9
1047,5.43,sunny,medium,high,2.3,3,6,34.5
1048,1.46,rain,high,high,1.2,0,4,48.9
1049,17.53,RAIN,high,high,,21,0,91.5
1050,1.4,sunny,HIGH,medium,8.0,5,4,5.0
1051,17.62,Sunny,HIGH,high,,0,0,81.3
1052,11.05,Sunny,medium,low,1.3,23,0,30.1
1053,18.84,rain,,high,3.1,3,2,78.7
1054,16.18,rain,low,medium,3.3,1,4,62.9
1055,19.96,RAIN,HIGH,high,5.8,12,6,96.0
1056,7.66,RAIN,high,high,3.0,13,2,59.1
1057,15.58,rain,medium,medium,1.2,16,6,67.3
1058,8.64,rain,high,medium,7.4,10,4,50.8
1059,10.12,Sunny,high,medium,3.3,2,6,46.7
1060,12.92,rain,low,medium,4.8,6,0,40.5
1061,17.6,snow,medium,medium,1.7,9,6,82.8
1062,19.7,sunny,high,medium,8.1,10,4,67.6
1063,15.6,rain,HIGH,low,5.9,9,5,60.5
1064,8.94,RAIN,HIGH,high,9.1,7,5,51.2
1065,9.01,snow,low,high,5.2,4,2,45.9
1066,15.01,RAIN,HIGH,medium,9.4,22,3,63.8
1067,5.54,snow,HIGH,medium,9.0,1,5,47.8
1068,3.1,rain,high,low,6.0,14,6,30.9
1069,7.74,sunny,HIGH,low,9.4,15,2,24.0
1070,6.46,RAIN,HIGH,medium,3.6,3,6,54.9
1071,6.63,snow,high,low,4.0,21,3,53.0
1072,5.44,Sunny,low,low,0.9,15,1,9.6
1073,1.8,rain,low,medium,6.1,11,2,12.6
1074,261.0101606965345,sunny,medium,medium,7.4,13,5,17.2
1075,19.77,rain,HIGH,medium,7.8,11,5,85.7
1076,9.13,Sunny,high,medium,1.9,20,4,44.5
1077,8.3,sunny,medium,high,4.7,15,3,43.7
1078,13.91,Sunny,low,high,2.2,15,5,47.8
1079,5.15,rain,low,medium,6.8,21,4,21.5
1080,19.05,snow,high,low,,11,3,78.1
1081,15.94,rain,medium,medium,9.1,1,2,61.9
1082,2.7,rain,medium,high,2.7,22,2,29.0
1083,8.93,rain,high,low,3.3,23,4,47.4
1084,17.7,RAIN,high,high,8.6,13,2,75.0
1085,18.95,Sunny,medium,medium,4.9,10,4,64.0
1086,9.88,,low,high,0.7,8,0,43.4
1087,12.65,Sunny,HIGH,high,,21,6,54.3
1088,4.17,RAIN,,high,1.3,6,3,33.6
1089,19.83,snow,high,low,9.9,11,4,83.3
1090,5.4,rain,medium,high,6.1,16,3,41.1
1091,18.91,snow,medium,low,2.9,8,0,86.2
1092,13.34,,,medium,5.9,5,3,71.0
1093,12.55,Sunny,medium,medium,1.2,11,4,44.7
1094,10.74,rain,HIGH,high,8.1,19,6,59.0
1095,5.38,sunny,low,low,9.3,9,6,5.0
1096,4.35,sunny,low,medium,8.8,8,2,5.0
1097,5.19,snow,medium,low,3.7,11,6,40.4
1098,4.54,Sunny,medium,low,3.6,0,6,6.4
1099,15.81,sunny,high,high,0.8,1,3,75.7
1100,7.65,snow,high,high,6.7,18,3,63.4
1101,2.1,RAIN,medium,low,5.6,0,5,10.8
1102,19.41,snow,medium,low,4.9,15,5,70.8
1103,17.79,snow,low,high,9.1,15,0,68.0
1104,18.63,snow,medium,low,2.1,17,1,71.9
1105,19.9,rain,high,high,,17,6,98.6
1106,4.3,snow,low,low,,22,2,34.4
1107,8.53,snow,HIGH,high,2.6,12,6,80.5
1108,15.41,rain,high,low,0.8,21,4,71.9
1109,14.22,rain,high,high,5.3,11,0,79.3
1110,3.92,RAIN,low,low,3.5,8,4,25.6
1111,16.5,Sunny,HIGH,medium,2.2,4,4,70.6
1112,5.26,sunny,high,medium,7.6,8,3,33.6
1113,5.25,sunny,medium,low,2.4,12,0,16.0
1114,11.2,snow,high,medium,7.0,15,0,70.8
1115,12.27,RAIN,low,low,3.8,9,5,43.3
1116,12.02,snow,low,low,5.4,15,2,48.4
1117,2.74,sunny,low,medium,9.4,13,1,11.7
1118,17.67,rain,high,low,0.9,1,4,70.9
1119,6.05,,HIGH,high,5.3,18,6,37.5
1120,3.46,RAIN,medium,low,8.6,10,2,20.9
1121,17.89,rain,low,low,6.1,18,6,61.2
1122,19.16,Sunny,HIGH,medium,3.1,10,5,75.8
1123,17.38,RAIN,medium,high,4.3,13,2,78.7
1124,16.38,RAIN,low,low,,14,4,53.3
1125,13.45,sunny,medium,low,9.0,6,3,36.4
1126,11.47,rain,medium,low,0.9,14,3,49.5
1127,2.65,RAIN,HIGH,low,1.2,23,4,27.3
1128,8.76,RAIN,medium,low,3.6,22,5,43.2
1129,8.08,Sunny,low,low,2.7,7,5,20.0
1130,5.94,sunny,HIGH,high,3.0,3,0,39.3
1131,14.74,snow,high,high,2.6,17,1,91.8
1132,10.42,sunny,high,low,2.4,13,6,45.1
1133,2.54,snow,HIGH,low,1.7,20,3,42.6
1134,5.18,rain,high,medium,9.4,17,1,41.1
1135,13.98,rain,medium,high,1.9,3,2,67.8
1136,2.45,RAIN,low,high,2.4,1,6,29.1
1137,17.17,rain,medium,low,2.8,20,6,58.9
1138,10.41,RAIN,HIGH,high,9.4,5,6,61.1
1139,10.13,sunny,,high,7.7,10,2,31.9
1140,12.26,rain,HIGH,medium,8.0,0,4,56.2
1141,16.67,sunny,HIGH,medium,1.5,14,4,75.1
1142,7.61,sunny,HIGH,high,8.4,11,4,43.4
1143,13.88,rain,medium,high,4.4,23,6,73.5
1144,11.75,sunny,low,high,3.0,17,5,52.5
1145,6.07,rain,low,low,6.0,4,3,22.1
1146,17.69,rain,low,medium,8.3,10,1,61.9
1147,16.15,rain,medium,low,7.9,23,2,52.8
1148,13.51,snow,high,medium,9.0,20,1,76.9
1149,17.16,sunny,medium,medium,9.3,18,3,54.1
1150,17.48,Sunny,medium,medium,2.8,21,6,65.6
1151,14.46,rain,HIGH,high,4.5,0,1,74.7
1152,16.9,sunny,low,medium,0.6,16,6,50.2
1153,14.25,RAIN,low,low,8.9,7,1,44.6
1154,13.92,rain,high,medium,2.0,22,5,74.9
1155,12.75,rain,high,low,8.7,15,4,53.2
1156,15.3,Sunny,HIGH,medium,3.6,10,5,66.5
1157,4.01,snow,low,medium,4.0,18,5,30.0
1158,17.74,snow,high,high,0.9,23,6,106.8
1159,17.57,rain,high,low,3.6,10,1,79.2
1160,1.56,sunny,low,medium,8.9,14,1,6.1
1161,16.69,RAIN,medium,medium,0.7,7,5,71.8
1162,3.45,RAIN,high,low,4.4,13,1,36.0
1163,7.37,sunny,low,medium,0.8,0,5,22.4
1164,15.13,rain,high,high,4.0,9,0,83.5
1165,4.05,RAIN,HIGH,low,2.1,6,5,38.2
1166,16.54,snow,high,high,2.9,17,2,98.6
1167,16.81,sunny,low,low,8.8,11,2,35.2
1168,10.64,Sunny,high,low,4.6,1,1,42.5
1169,1.12,rain,HIGH,low,3.1,17,5,23.4
1170,6.45,sunny,HIGH,medium,6.1,20,5,24.2
1171,12.72,RAIN,high,low,1.9,6,4,55.0
1172,19.64,rain,,low,3.0,19,6,86.1
1173,13.0,snow,HIGH,low,5.7,11,4,65.2
1174,5.94,rain,HIGH,high,2.8,19,4,59.7
1175,13.05,rain,medium,low,7.0,13,5,51.5
1176,11.26,snow,medium,medium,5.2,9,5,62.3
1177,15.82,snow,HIGH,low,7.8,8,2,70.0
1178,3.03,rain,high,low,9.5,22,3,27.4
1179,15.46,snow,low,high,1.6,14,1,80.5
1180,11.28,sunny,high,medium,3.7,19,2,51.6
1181,19.3,snow,high,medium,,23,4,91.1
1182,7.5,,medium,medium,1.9,9,2,49.7
1183,13.02,rain,medium,low,8.2,18,2,39.7
1184,18.71,sunny,medium,low,7.7,18,2,56.7
1185,2.95,Sunny,HIGH,medium,5.1,11,4,32.4
1186,18.81,Sunny,HIGH,medium,5.6,22,3,76.3
1187,14.07,RAIN,high,high,1.1,11,0,81.9
1188,2.29,snow,high,medium,5.8,8,1,40.4
1189,6.72,snow,low,low,8.0,19,1,32.9
1190,14.46,sunny,,low,6.0,3,6,49.1
1191,2.28,Sunny,high,low,3.0,0,2,18.1
1192,12.06,RAIN,medium,high,6.8,15,3,53.9
1193,7.57,sunny,medium,medium,3.9,0,4,33.3
1194,12.8,snow,medium,low,5.7,12,0,60.1
1195,1.87,Sunny,medium,high,5.1,2,0,24.0
1196,17.56,RAIN,medium,high,4.1,11,2,80.5
1197,19.5,rain,low,low,7.3,22,2,62.2
1198,19.41,Sunny,low,high,8.9,8,4,57.3
1199,15.24,RAIN,low,high,0.5,3,6,64.7
1200,3.47,sunny,medium,low,,1,4,5.8
1201,15.41,,HIGH,high,5.4,21,5,85.3
1202,1.47,RAIN,medium,low,7.2,21,4,9.4
1203,1.42,RAIN,medium,low,8.6,8,2,9.0
1204,7.15,snow,low,high,4.9,19,3,50.6
1205,10.28,Sunny,medium,low,8.4,23,2,16.5
1206,15.64,snow,low,low,2.2,12,6,65.5
1207,13.98,rain,medium,medium,2.0,13,2,58.8
1208,9.47,RAIN,high,low,6.7,2,0,48.4
1209,6.2,snow,HIGH,medium,,17,4,49.9
1210,19.95,Sunny,HIGH,medium,9.0,8,1,70.2
1211,9.1,rain,low,medium,6.6,14,4,35.6
1212,9.58,sunny,,medium,5.5,21,5,42.5
1213,4.11,snow,HIGH,high,3.6,23,3,51.2
1214,16.1,rain,low,high,9.8,9,3,66.3
1215,14.18,sunny,,low,3.5,16,4,40.2
1216,5.19,snow,medium,low,7.6,12,4,29.1
1217,2.57,rain,high,low,5.6,0,2,26.4
1218,13.93,rain,HIGH,high,6.3,10,1,68.7
1219,13.44,snow,medium,medium,4.2,4,6,64.8
1220,6.19,rain,low,high,9.7,8,2,41.5
1221,19.07,RAIN,medium,high,5.9,6,0,81.8
1222,3.87,snow,medium,low,9.4,6,0,21.0
1223,9.21,rain,HIGH,low,0.6,1,3,41.5
1224,18.93,sunny,HIGH,low,5.9,18,3,69.7
1225,8.97,sunny,low,medium,7.3,19,1,20.1
1226,13.13,RAIN,high,medium,7.6,17,3,59.6
1227,8.55,snow,high,high,,9,5,62.6
1228,6.21,rain,medium,medium,0.5,4,0,35.5
1229,19.7,rain,low,low,,15,1,68.1
1230,8.78,sunny,high,medium,5.0,22,0,39.6
1231,17.99,RAIN,high,medium,0.8,4,4,88.1
1232,5.37,sunny,medium,medium,9.8,14,4,17.1
1233,5.05,,low,medium,2.6,21,1,26.2
1234,1.59,,high,low,5.0,15,2,31.0
1235,13.38,snow,HIGH,low,1.1,3,5,69.0
1236,8.0,rain,HIGH,high,5.5,13,6,55.8
1237,17.42,snow,medium,high,4.1,23,5,98.1
1238,9.99,Sunny,medium,high,0.9,16,6,43.1
1239,19.4,Sunny,medium,medium,3.7,16,3,69.7
1240,4.52,Sunny,medium,medium,4.2,20,6,23.3
1241,17.5,RAIN,high,low,9.9,15,1,61.4
1242,15.76,sunny,low,high,2.5,8,5,55.3
1243,15.65,snow,,low,5.7,1,6,74.3
1244,17.05,rain,medium,high,9.9,10,3,78.4
1245,15.46,Sunny,high,high,8.0,14,0,68.9
1246,12.9,snow,medium,high,9.9,2,6,59.9
1247,3.49,Sunny,medium,medium,9.7,23,2,17.1
1248,1.62,Sunny,low,high,5.2,15,3,6.7
1249,18.5,rain,HIGH,high,7.1,20,4,90.6
1250,12.72,RAIN,medium,medium,1.5,18,6,50.3
1251,16.13,sunny,high,high,4.7,21,4,72.8
1252,10.15,RAIN,low,medium,,5,0,42.0
1253,3.23,,high,medium,5.3,13,1,31.2
1254,3.38,RAIN,low,low,7.2,4,3,8.9
1255,14.03,snow,low,medium,7.6,4,6,60.7
1256,9.18,snow,medium,medium,2.9,5,6,54.3
1257,4.81,sunny,medium,medium,8.8,17,0,12.5
1258,10.34,rain,medium,high,4.9,21,6,54.5
1259,2.22,sunny,HIGH,low,2.5,17,4,23.8
1260,12.06,RAIN,HIGH,high,8.7,18,6,72.6
1261,6.11,snow,high,medium,4.5,1,6,58.5
1262,16.15,Sunny,medium,medium,7.6,16,4,59.1
1263,6.9,Sunny,HIGH,low,5.7,0,4,26.2
1264,179.3924102963872,snow,medium,low,4.1,8,2,52.0
1265,1.22,sunny,HIGH,medium,8.2,12,2,10.7
1266,2.38,rain,HIGH,medium,6.1,3,4,46.5
1267,8.46,sunny,low,high,,4,5,35.8
1268,10.12,snow,,medium,1.5,22,1,64.6
1269,12.4,snow,medium,high,9.0,17,2,57.6
1270,6.54,rain,HIGH,low,0.8,9,3,47.6
1271,14.2,RAIN,medium,high,8.7,3,2,62.7
1272,17.34,RAIN,HIGH,medium,3.9,12,3,81.7
1273,15.82,rain,medium,high,6.6,12,2,69.6
1274,1.75,RAIN,low,high,9.3,16,4,18.5
1275,10.13,Sunny,medium,low,1.9,7,6,31.6
1276,2.99,RAIN,,high,5.9,3,3,26.4
1277,5.6,RAIN,high,medium,7.8,22,6,46.8
1278,19.75,RAIN,medium,high,7.7,2,6,78.2
1279,3.71,Sunny,medium,high,5.5,10,1,35.8
1280,10.48,RAIN,medium,high,6.4,11,2,54.1
1281,12.74,Sunny,low,medium,7.7,8,2,43.0
1282,14.35,rain,medium,high,8.5,14,4,68.6
1283,11.63,sunny,medium,medium,7.7,12,3,29.8
1284,1.19,rain,HIGH,high,3.9,4,5,32.1
1285,7.2,sunny,high,low,10.0,4,4,21.2
1286,10.84,rain,low,low,4.6,18,6,29.3
1287,2.67,sunny,HIGH,low,0.7,10,3,20.1
1288,7.66,sunny,low,medium,3.9,8,2,25.4
1289,1.63,snow,HIGH,medium,1.7,2,2,48.1
1290,2.49,sunny,high,medium,1.7,17,2,28.3
1291,8.54,sunny,HIGH,high,3.2,12,2,51.8
1292,3.52,snow,low,medium,1.0,11,0,41.5
1293,11.78,RAIN,medium,medium,7.0,8,2,53.4
1294,14.1,RAIN,medium,medium,1.2,9,2,72.4
1295,16.21,snow,high,medium,2.4,12,5,88.7
1296,4.8,Sunny,low,low,1.4,19,5,5.0
1297,4.18,sunny,low,high,1.1,19,3,28.4
1298,2.99,sunny,low,low,3.0,12,6,16.7
1299,13.09,snow,high,high,5.9,21,2,87.3
1300,14.42,snow,medium,high,9.7,8,2,77.9
1301,1.6,Sunny,HIGH,low,8.8,23,3,9.7
1302,18.79,RAIN,high,medium,8.8,9,6,82.4
1303,1.99,rain,HIGH,low,2.2,18,2,34.9
1304,11.28,RAIN,medium,high,3.0,5,2,58.6
1305,14.47,sunny,high,high,1.2,6,4,69.5
1306,17.55,snow,medium,medium,7.9,14,0,77.4
1307,14.57,Sunny,HIGH,low,1.2,21,3,62.1
1308,16.23,RAIN,low,high,5.8,18,4,53.0
1309,7.45,Sunny,low,low,2.9,13,5,17.9
1310,16.48,RAIN,HIGH,medium,2.8,15,6,68.3
1311,2.52,sunny,low,medium,9.9,13,1,5.0
1312,18.0,rain,HIGH,high,7.7,19,1,93.2
1313,11.4,,high,medium,8.5,1,5,42.9
1314,16.53,Sunny,high,high,5.9,8,0,71.1
1315,9.59,rain,high,high,8.8,2,6,61.5
1316,13.23,Sunny,low,medium,6.6,5,6,43.7
1317,11.0,Sunny,medium,medium,9.5,4,1,38.4
1318,14.9,RAIN,low,low,3.2,13,0,51.0
1319,2.55,RAIN,low,low,6.2,14,1,13.1
1320,2.15,rain,medium,high,7.1,17,1,30.6
1321,5.69,sunny,medium,low,4.2,16,6,13.5
1322,4.03,Sunny,medium,high,8.9,8,4,12.7
1323,17.56,sunny,medium,medium,9.8,18,6,48.4
1324,5.17,rain,low,medium,5.2,22,1,33.5
1325,19.54,rain,HIGH,low,4.2,8,6,89.6
1326,7.4,RAIN,high,high,5.0,15,5,55.7
1327,4.46,Sunny,HIGH,high,8.6,5,0,40.1
1328,16.0,snow,low,low,6.6,7,2,58.6
1329,13.52,rain,medium,high,0.9,2,6,71.2
1330,10.47,Sunny,high,high,5.7,21,6,51.5
1331,11.55,sunny,high,medium,0.7,4,2,60.9
1332,14.66,RAIN,HIGH,high,7.9,6,2,71.3
1333,5.34,sunny,low,high,3.6,22,0,22.2
1334,19.93,rain,low,high,5.0,0,0,79.0
1335,19.52,rain,low,low,8.1,21,2,62.9
1336,13.36,sunny,high,low,0.9,20,5,54.8
1337,4.79,rain,HIGH,low,2.0,3,1,34.6
1338,13.92,Sunny,,high,4.3,15,2,62.1
1339,2.37,rain,high,high,2.7,13,3,35.4
1340,1.58,RAIN,medium,low,3.7,0,6,13.0
1341,5.9,Sunny,HIGH,low,10.0,3,0,19.9
1342,9.79,snow,medium,high,8.3,9,3,62.2
1343,17.5,rain,low,high,8.9,10,3,61.0
1344,14.82,rain,,medium,9.4,6,0,68.5
1345,15.11,RAIN,HIGH,low,3.7,3,6,62.9
1346,9.08,RAIN,low,high,3.3,0,2,45.7
1347,7.57,sunny,HIGH,low,2.7,0,5,40.7
1348,8.05,sunny,high,low,8.4,16,4,16.7
1349,19.77,sunny,HIGH,low,7.0,9,3,59.8
1350,1.76,RAIN,low,medium,2.7,4,2,19.3
1351,17.47,sunny,medium,high,4.1,6,4,67.5
1352,11.99,sunny,high,high,5.3,7,6,51.1
1353,9.33,snow,medium,low,5.5,1,3,43.9
1354,14.78,sunny,high,high,8.9,8,2,68.5
1355,10.25,rain,low,medium,4.1,3,3,37.0
1356,17.6,RAIN,high,low,9.1,11,2,72.3
1357,18.11,Sunny,medium,medium,4.7,10,6,57.1
1358,9.01,snow,high,medium,7.6,4,5,50.5
1359,6.26,RAIN,low,high,9.3,11,6,36.7
1360,12.25,RAIN,high,high,9.1,20,1,67.1
1361,18.33,rain,medium,medium,1.0,3,1,68.5
1362,5.0,sunny,low,high,2.5,12,6,24.3
1363,12.84,rain,medium,medium,5.0,21,0,63.1
1364,13.0,sunny,high,medium,4.6,0,4,58.8
1365,14.93,sunny,HIGH,low,6.6,17,6,57.4
1366,3.5,RAIN,medium,medium,9.5,3,6,15.4
1367,14.6,sunny,high,medium,1.6,3,3,70.0
1368,18.27,snow,HIGH,high,4.8,7,3,91.9
1369,4.41,snow,HIGH,low,2.3,19,2,38.5
1370,5.51,snow,low,high,9.0,5,4,44.9
1371,19.46,RAIN,HIGH,low,9.7,3,3,65.1
1372,4.44,rain,medium,high,5.0,3,4,44.9
1373,17.23,Sunny,medium,medium,1.5,10,6,55.6
1374,10.35,sunny,HIGH,low,8.0,8,4,31.6
1375,5.7,Sunny,high,low,7.1,13,1,29.3
1376,17.54,rain,medium,low,,3,3,59.8
1377,9.46,rain,medium,low,8.9,12,3,36.7
1378,10.78,RAIN,low,high,9.8,5,0,40.0
1379,7.83,snow,high,high,5.8,12,4,65.1
1380,12.27,snow,HIGH,low,5.9,2,2,68.4
1381,4.11,rain,high,low,3.3,22,1,29.1
1382,8.43,RAIN,low,low,6.1,6,6,33.1
1383,19.42,RAIN,low,high,4.7,0,0,75.8
1384,5.9,sunny,high,low,3.4,10,1,29.2
1385,13.48,snow,low,low,1.1,1,2,54.1
1386,7.18,rain,low,low,2.9,4,0,24.2
1387,15.7,Sunny,low,high,2.4,23,1,55.0
1388,3.49,snow,high,medium,5.6,21,2,42.7
1389,19.43,sunny,low,medium,6.2,13,5,65.6
1390,9.62,RAIN,HIGH,high,6.3,12,0,66.9
1391,5.48,rain,HIGH,medium,4.2,15,2,45.7
1392,2.4,snow,medium,low,4.5,22,0,23.5
1393,4.23,Sunny,HIGH,low,8.4,14,3,13.4
1394,10.88,sunny,medium,high,5.0,2,3,41.8
1395,7.4,sunny,high,high,9.9,5,1,38.8
1396,16.75,snow,low,medium,4.7,8,4,73.0
1397,9.19,Sunny,HIGH,medium,6.7,2,5,44.6
1398,5.73,sunny,medium,low,1.0,12,6,21.1
1399,12.73,rain,high,high,6.7,12,4,73.0
1400,14.43,sunny,medium,medium,8.6,21,6,49.6
1401,4.17,Sunny,low,medium,9.5,6,6,6.3
1402,4.18,RAIN,HIGH,low,10.0,4,6,31.0
1403,1.7,RAIN,high,low,3.2,7,2,21.3
1404,14.99,snow,medium,low,6.0,7,0,65.7
1405,13.61,Sunny,high,low,4.8,21,3,50.2
1406,10.02,sunny,medium,medium,5.9,6,4,35.9
1407,17.04,sunny,medium,high,2.0,18,6,66.9
1408,16.31,RAIN,low,high,8.6,6,3,69.8
1409,12.12,RAIN,low,low,9.1,22,6,32.4
1410,17.5,rain,medium,low,,3,5,68.7
1411,4.91,,HIGH,medium,3.2,9,2,49.9
1412,3.13,rain,high,low,1.8,12,5,34.5
1413,6.13,sunny,,high,7.0,3,5,38.4
1414,2.08,rain,low,low,3.5,18,2,7.9
1415,11.09,rain,HIGH,high,9.1,9,0,52.4
1416,18.8,snow,medium,low,6.9,6,5,75.8
1417,1.75,RAIN,low,low,6.6,4,4,5.0
1418,3.32,rain,medium,high,5.8,2,6,28.1
1419,9.59,sunny,medium,medium,0.9,21,2,42.4
1420,18.74,Sunny,low,medium,9.4,21,2,49.8
1421,7.01,rain,HIGH,low,6.5,21,6,39.3
1422,10.64,RAIN,high,low,9.9,1,3,47.3
1423,1.79,snow,low,high,5.6,10,1,41.7
1424,3.82,sunny,HIGH,high,7.2,9,5,33.8
1425,19.75,snow,medium,low,1.0,22,4,80.3
1426,19.34,Sunny,low,high,6.5,12,0,64.8
1427,1.09,rain,high,medium,7.8,6,5,23.0
1428,19.08,rain,high,medium,7.9,9,6,89.2
1429,13.14,RAIN,medium,high,7.8,3,0,61.9
1430,17.49,rain,low,high,2.6,21,3,77.3
1431,9.64,sunny,high,high,9.8,19,5,53.9
1432,10.8,Sunny,low,medium,10.0,15,0,23.2
1433,10.29,snow,high,low,1.2,19,5,57.3
1434,13.67,Sunny,medium,high,,5,2,49.6
1435,3.65,rain,medium,high,3.2,8,5,30.0
1436,1.57,snow,low,high,7.0,12,4,29.3
1437,6.85,RAIN,HIGH,low,3.7,6,5,30.2
1438,14.39,Sunny,HIGH,high,9.7,17,0,54.8
1439,4.84,snow,medium,high,1.5,13,4,58.8
1440,13.8,snow,high,medium,5.2,21,0,79.2
1441,19.43,snow,HIGH,high,4.6,4,6,111.8
1442,2.78,sunny,medium,medium,3.6,21,6,15.9
1443,13.78,Sunny,high,low,6.6,12,1,48.1
1444,9.43,snow,high,high,1.7,23,1,77.3
1445,17.49,Sunny,HIGH,high,7.3,7,4,91.7
1446,4.37,snow,medium,medium,9.8,14,6,38.6
1447,14.16,RAIN,high,low,8.1,18,1,53.6
1448,16.92,RAIN,high,low,8.7,8,1,67.4
1449,18.95,RAIN,low,medium,3.9,5,2,69.9
1450,13.98,rain,low,low,3.6,22,0,51.2
1451,10.45,snow,HIGH,low,5.4,13,1,69.2
1452,12.74,rain,low,low,0.9,22,4,50.1
1453,17.51,Sunny,medium,low,9.5,9,2,44.3
1454,11.84,rain,HIGH,low,1.9,8,6,67.6
1455,1.58,Sunny,HIGH,low,9.1,16,1,5.0
1456,18.69,Sunny,low,low,1.3,12,5,53.2
1457,14.1,Sunny,high,low,8.3,16,6,51.8
1458,13.85,rain,medium,high,1.9,18,4,65.3
1459,5.1,snow,medium,medium,0.9,12,0,46.0
1460,13.52,rain,medium,low,7.3,8,6,43.3
1461,8.48,snow,HIGH,medium,3.2,0,5,63.4
1462,13.37,snow,medium,low,7.3,0,6,52.9
1463,133.70613078272072,Sunny,high,low,5.8,4,1,17.5
1464,13.5,rain,high,high,1.5,7,4,77.1
1465,19.99,snow,low,medium,9.4,17,5,82.3
1466,1.92,RAIN,medium,medium,4.8,3,4,23.9
1467,19.57,snow,HIGH,high,7.5,21,3,103.4
1468,8.73,RAIN,low,high,5.3,0,6,45.6
1469,17.54,rain,high,medium,6.2,14,5,75.0
1470,15.87,rain,medium,low,3.4,19,4,60.2
1471,11.77,rain,high,low,2.4,3,5,58.4
1472,15.03,snow,low,medium,5.7,8,3,53.1
1473,17.69,sunny,high,low,4.7,21,0,62.6
1474,8.68,snow,medium,high,4.2,23,0,64.4
1475,7.21,snow,medium,high,6.9,19,6,49.8
1476,13.68,,low,high,7.1,9,2,51.9
1477,16.35,Sunny,medium,medium,0.9,23,5,61.7
1478,15.48,snow,high,medium,3.7,14,3,82.0
1479,16.16,RAIN,high,medium,4.4,2,4,77.9
1480,9.28,Sunny,HIGH,low,1.4,1,2,39.3
1481,16.54,snow,HIGH,medium,2.7,21,5,89.8
1482,3.28,sunny,HIGH,medium,1.0,4,2,29.3
1483,11.35,RAIN,high,high,10.0,23,5,64.8
1484,1.11,rain,high,low,7.5,0,6,26.1
1485,7.17,snow,low,low,1.3,10,6,37.8
1486,7.96,snow,HIGH,high,0.7,11,0,77.6
1487,8.53,RAIN,high,low,7.3,2,4,40.3
1488,14.21,Sunny,low,medium,4.7,22,3,42.5
1489,8.38,Sunny,high,low,8.0,15,6,28.6
1490,9.53,Sunny,low,high,9.3,13,0,24.0
1491,5.51,rain,HIGH,low,6.2,11,2,36.6
1492,8.09,RAIN,HIGH,high,2.3,19,1,62.9
1493,5.32,RAIN,HIGH,medium,7.9,15,6,39.3
1494,2.39,Sunny,high,medium,9.6,20,2,25.4
1495,12.47,Sunny,high,high,6.0,7,1,68.5
1496,13.7,sunny,low,medium,7.0,16,5,46.2
1497,12.77,sunny,medium,medium,3.7,16,0,44.7
1498,9.81,snow,medium,low,4.1,6,5,48.1
1499,8.22,snow,HIGH,medium,7.5,14,3,52.6
1500,17.4,RAIN,medium,high,9.3,8,4,71.3
1501,10.86,RAIN,HIGH,medium,6.5,3,6,56.8
1502,10.1,rain,low,low,8.0,7,1,33.4
1503,1.49,rain,medium,high,2.1,9,6,26.6
1504,7.48,sunny,medium,medium,2.5,14,4,29.6
1505,8.22,snow,HIGH,medium,5.6,22,5,51.5
1506,8.58,sunny,low,medium,2.2,17,0,26.5
1507,12.02,sunny,medium,high,6.5,13,0,52.7
1508,11.14,snow,medium,low,3.3,4,5,49.0
1509,12.55,rain,medium,high,8.0,8,5,66.8
1510,15.53,snow,low,high,8.2,12,0,76.8
1511,16.45,Sunny,low,low,4.9,18,3,46.0
1512,14.64,Sunny,medium,high,2.2,10,1,67.9
1513,19.15,Sunny,HIGH,high,6.6,11,4,78.9
1514,1.35,RAIN,HIGH,medium,9.9,2,2,20.5
1515,4.72,rain,medium,high,6.4,1,6,36.0
1516,1.14,rain,low,medium,0.8,22,5,10.9
1517,13.3,RAIN,medium,high,0.7,21,5,75.0
1518,18.06,sunny,low,medium,3.5,14,6,55.2
1519,5.63,Sunny,medium,medium,2.4,4,0,22.2
1520,18.61,Sunny,low,medium,8.2,6,4,49.8
1521,2.15,sunny,high,low,8.5,3,4,11.3
1522,18.75,snow,HIGH,high,3.0,4,3,103.2
1523,7.68,snow,high,high,3.6,15,1,68.0
1524,2.93,rain,HIGH,high,2.7,14,3,44.8
1525,10.23,RAIN,low,low,9.1,15,3,32.5
1526,5.88,rain,high,medium,5.3,3,4,37.8
1527,6.41,snow,HIGH,high,6.7,5,1,62.3
1528,6.84,sunny,medium,low,,17,1,18.7
1529,16.26,rain,low,low,6.5,2,1,41.0
1530,11.24,Sunny,,high,4.2,21,6,38.3
1531,6.91,Sunny,medium,medium,3.7,23,0,24.3
1532,12.6,sunny,medium,low,6.5,4,1,43.4
1533,14.61,snow,HIGH,high,6.1,1,4,88.8
1534,6.18,Sunny,low,medium,3.3,22,6,22.9
1535,8.86,Sunny,HIGH,low,1.9,15,0,36.9
1536,3.32,RAIN,medium,low,4.0,5,2,17.6
1537,4.44,rain,low,high,4.4,14,5,27.1
1538,13.94,snow,,high,6.5,17,3,72.4
1539,4.45,rain,HIGH,medium,9.2,5,1,41.2
1540,10.98,snow,HIGH,high,0.8,12,2,75.4
1541,14.47,Sunny,HIGH,high,2.8,23,1,67.1
1542,3.03,RAIN,low,medium,2.3,12,3,28.0
1543,11.78,rain,medium,high,5.3,0,4,63.6
1544,5.87,Sunny,medium,medium,4.6,15,4,20.5
1545,19.3,snow,HIGH,medium,7.4,3,3,96.8
1546,10.19,rain,HIGH,medium,2.8,16,2,57.0
1547,16.31,rain,HIGH,high,6.1,17,0,75.9
1548,11.45,Sunny,HIGH,medium,8.9,15,5,53.2
1549,1.82,rain,high,high,9.2,0,5,34.9
1550,13.03,RAIN,high,medium,9.6,5,5,58.7
1551,19.08,RAIN,high,high,7.8,10,0,88.8
1552,143.35748952714795,Sunny,HIGH,medium,9.1,5,1,43.5
1553,16.56,snow,HIGH,low,2.7,16,3,78.6
1554,17.8,Sunny,medium,low,2.4,3,3,62.7
1555,5.33,RAIN,low,low,0.6,13,0,34.6
1556,5.03,sunny,medium,medium,7.2,13,2,12.9
1557,12.61,sunny,high,high,9.4,19,5,54.6
1558,8.81,rain,medium,medium,2.3,7,6,45.7
1559,16.96,rain,HIGH,medium,6.6,21,3,76.0
1560,18.1,sunny,high,medium,7.6,1,4,62.4
1561,7.72,RAIN,high,medium,9.3,4,4,47.3
1562,5.5,rain,low,high,6.6,3,6,37.2
1563,15.83,Sunny,low,medium,9.7,9,3,47.1
1564,6.22,Sunny,high,low,,19,5,32.9
1565,16.63,RAIN,high,low,3.8,23,5,70.7
1566,9.05,rain,medium,low,5.7,20,5,40.3
1567,13.68,Sunny,high,medium,4.1,2,2,60.8
1568,2.82,rain,HIGH,high,0.5,15,4,40.4
1569,12.85,rain,medium,high,7.5,9,2,52.2
1570,9.58,Sunny,HIGH,high,7.6,14,0,51.2
1571,12.15,sunny,HIGH,medium,7.6,3,1,55.8
1572,4.19,Sunny,HIGH,high,3.8,0,5,40.2
1573,15.0,RAIN,high,low,5.5,21,0,66.3
1574,17.39,snow,low,high,3.9,14,1,77.2
1575,5.12,Sunny,low,medium,0.7,9,6,21.9
1576,2.82,rain,HIGH,medium,5.8,19,4,39.2
1577,1.45,rain,high,high,1.7,21,1,44.5
1578,13.2,Sunny,medium,medium,1.3,17,1,50.6
1579,12.53,snow,HIGH,high,7.7,15,3,81.3
1580,11.39,Sunny,medium,high,0.6,20,1,54.6
1581,5.41,snow,,low,9.6,8,3,35.6
1582,8.43,snow,high,medium,5.4,23,1,61.9
1583,12.3,RAIN,high,low,9.8,18,3,50.0
1584,10.44,rain,low,medium,1.1,16,4,41.8
1585,19.77,rain,low,high,6.0,9,4,83.2
1586,3.59,snow,high,medium,-5.0,18,1,43.5
1587,14.21,rain,HIGH,high,,7,6,73.6
1588,8.68,sunny,low,medium,3.9,18,6,32.4
1589,9.14,snow,medium,low,3.0,4,2,57.8
1590,14.63,rain,HIGH,low,8.6,1,6,59.7
1591,14.16,sunny,medium,high,,14,4,64.5
1592,19.83,RAIN,high,low,0.7,16,0,83.8
1593,3.44,,medium,high,4.2,9,6,32.5
1594,2.98,sunny,HIGH,high,6.7,20,0,44.7
1595,14.76,Sunny,high,high,2.9,20,3,64.7
1596,11.99,Sunny,HIGH,medium,,21,2,67.1
1597,6.21,sunny,medium,high,-5.0,1,5,45.6
1598,2.51,snow,HIGH,low,6.1,8,3,32.3
1599,2.63,snow,high,medium,7.7,1,1,43.9
1600,17.99,rain,medium,low,4.4,17,6,56.7
1601,4.65,Sunny,medium,high,4.5,11,4,31.5
1602,7.14,snow,low,high,1.3,14,2,56.5
1603,5.31,snow,low,low,2.4,20,3,37.4
1604,7.74,Sunny,HIGH,medium,2.0,19,3,40.8
1605,2.32,RAIN,low,low,5.1,5,0,11.6
1606,10.86,snow,low,high,5.5,17,1,63.4
1607,2.28,sunny,low,medium,9.5,12,3,5.0
1608,128.77588317275925,rain,low,high,1.2,3,0,79.2
1609,5.44,snow,high,high,6.2,11,2,59.5
1610,11.26,snow,high,low,5.5,8,3,63.9
1611,17.72,RAIN,low,high,5.4,1,5,67.5
1612,13.37,sunny,HIGH,low,,15,5,36.3
1613,11.13,rain,high,medium,2.5,0,0,55.7
1614,7.16,snow,low,high,0.9,3,5,58.4
1615,7.33,rain,high,high,6.9,14,1,49.8
1616,13.72,Sunny,medium,medium,3.8,19,4,52.2
1617,19.89,snow,high,low,0.7,0,5,102.1
1618,13.57,snow,high,high,2.9,19,2,91.1
1619,11.6,Sunny,HIGH,medium,3.4,14,3,54.9
1620,14.88,RAIN,high,high,6.4,2,0,80.2
1621,9.84,snow,HIGH,low,2.1,12,3,67.5
1622,2.14,rain,medium,low,,17,4,17.7
1623,11.68,sunny,low,low,5.1,12,3,32.2
1624,19.19,rain,HIGH,low,4.9,9,3,73.9
1625,4.33,RAIN,high,medium,9.8,19,0,28.3
1626,14.11,sunny,high,high,0.9,23,4,68.7
1627,4.82,rain,HIGH,medium,9.5,6,2,33.4
1628,11.18,rain,medium,low,6.0,7,0,39.5
1629,2.84,Sunny,low,low,8.1,0,6,5.0
1630,9.56,RAIN,high,low,4.6,17,4,34.6
1631,15.37,Sunny,medium,low,,11,4,44.3
1632,7.6,sunny,low,high,8.9,17,3,30.8
1633,13.63,Sunny,low,low,9.0,23,1,33.6
1634,16.11,RAIN,high,high,2.8,11,1,80.9
1635,18.62,snow,HIGH,low,2.4,19,2,96.7
1636,5.46,snow,high,high,5.2,8,3,53.2
1637,8.59,sunny,high,high,9.1,1,1,43.1
1638,3.9,snow,high,low,3.6,13,0,40.8
1639,295.0819816113188,Sunny,medium,medium,,3,2,61.9
1640,18.61,sunny,HIGH,medium,7.2,14,3,76.0
1641,11.26,,medium,medium,7.9,16,5,46.4
1642,17.0,sunny,high,medium,5.9,18,0,67.5
1643,10.9,sunny,HIGH,medium,4.3,5,1,53.9
1644,12.85,rain,low,low,9.7,8,1,33.7
1645,2.69,rain,HIGH,low,6.3,16,1,24.7
1646,15.35,sunny,high,low,7.4,14,1,60.6
1647,3.43,snow,HIGH,low,,4,4,42.6
1648,16.7,rain,low,low,6.9,17,5,46.3
1649,15.86,RAIN,low,low,2.9,22,2,49.8
1650,14.47,Sunny,HIGH,high,2.8,3,2,74.5
1651,1.69,rain,low,high,7.3,20,1,15.7
1652,6.76,sunny,medium,low,5.5,23,2,16.3
1653,6.0,snow,HIGH,low,7.0,1,5,45.6
1654,7.84,Sunny,low,high,3.1,18,0,34.9
1655,2.67,rain,low,high,6.2,4,0,33.0
1656,18.8,snow,HIGH,low,4.7,3,6,73.5
1657,11.52,snow,medium,high,6.2,4,2,69.5
1658,6.8,snow,HIGH,medium,3.3,18,1,57.0
1659,8.54,sunny,low,medium,7.3,12,3,30.4
1660,9.5,RAIN,HIGH,medium,8.2,15,5,49.5
1661,12.41,snow,low,high,3.0,11,1,67.6
1662,10.8,Sunny,high,low,3.4,8,4,43.3
1663,18.47,rain,HIGH,low,6.8,23,3,68.9
1664,10.44,Sunny,HIGH,low,7.1,15,5,34.8
1665,19.85,sunny,low,high,7.2,13,4,65.2
1666,17.18,sunny,low,high,7.0,21,2,66.4
1667,4.96,Sunny,low,medium,4.2,0,4,14.4
1668,18.68,RAIN,low,high,4.3,19,2,72.4
1669,3.21,sunny,HIGH,medium,2.9,22,4,26.1
1670,16.53,sunny,low,medium,2.0,20,3,54.2
1671,8.23,Sunny,HIGH,low,7.1,3,4,40.1
1672,17.68,sunny,medium,high,,8,1,67.5
1673,17.49,RAIN,HIGH,low,9.4,23,2,78.7
1674,16.31,RAIN,low,low,8.4,18,0,51.1
1675,16.01,RAIN,low,high,8.6,13,4,57.7
1676,6.79,rain,medium,high,9.1,21,2,36.7
1677,2.54,RAIN,HIGH,medium,4.4,11,0,24.7
1678,8.66,RAIN,medium,medium,8.5,3,2,38.3
1679,4.3,rain,HIGH,medium,2.0,6,6,47.8
1680,14.2,snow,low,medium,0.7,16,2,68.9
1681,7.58,sunny,HIGH,low,8.0,0,0,32.2
1682,19.54,RAIN,low,low,1.2,13,0,69.3
1683,13.18,sunny,low,high,9.9,14,3,48.7
1684,16.63,Sunny,high,medium,6.9,11,5,58.7
1685,3.52,sunny,high,medium,7.7,11,6,27.7
1686,17.38,rain,HIGH,medium,2.8,5,4,90.2
1687,18.53,sunny,low,low,6.9,12,4,60.1
1688,10.25,sunny,medium,high,0.9,15,6,56.8
1689,12.52,sunny,low,low,8.5,13,2,28.2
1690,15.53,snow,medium,high,2.1,6,6,79.2
1691,4.32,snow,HIGH,high,7.1,15,1,50.4
1692,10.55,Sunny,HIGH,low,2.6,22,1,42.7
1693,8.57,rain,,low,1.2,8,5,48.6
1694,3.78,sunny,medium,high,5.1,13,2,22.6
1695,7.98,sunny,low,low,2.1,23,3,22.3
1696,2.3,,HIGH,low,7.4,6,0,17.7
1697,1.49,sunny,low,high,2.8,11,2,5.0
1698,3.57,snow,medium,high,3.8,2,4,40.8
1699,19.3,Sunny,high,medium,5.9,13,1,82.6
1700,11.44,RAIN,high,low,3.2,18,1,60.7
1701,19.35,rain,high,high,4.1,10,1,98.4
1702,9.22,sunny,medium,low,8.2,4,3,18.1
1703,6.92,Sunny,low,low,2.2,22,4,25.4
1704,10.62,RAIN,HIGH,high,1.3,12,3,66.2
1705,9.35,Sunny,medium,medium,3.6,9,0,36.2
1706,3.01,snow,high,high,4.5,6,2,57.1
1707,13.18,RAIN,low,high,5.7,16,2,61.9
1708,5.1,Sunny,HIGH,low,4.0,15,6,28.0
1709,12.77,snow,HIGH,medium,8.0,7,1,69.7
1710,13.35,Sunny,medium,high,0.9,16,6,49.7
1711,3.89,,medium,low,4.6,12,1,11.6
1712,2.17,RAIN,HIGH,high,4.1,10,0,30.7
1713,15.83,snow,HIGH,low,6.7,19,3,77.3
1714,9.74,sunny,high,high,9.7,17,5,42.7
1715,2.11,rain,HIGH,medium,5.3,4,5,31.2
1716,19.9,RAIN,medium,high,9.9,5,5,75.3
1717,2.1,snow,low,low,3.4,19,4,25.1
1718,14.21,Sunny,high,high,,13,0,67.7
1719,19.69,snow,high,medium,2.1,11,2,99.8
1720,5.54,rain,HIGH,medium,4.3,3,2,44.4
1721,3.7,rain,low,medium,3.5,6,3,24.2
1722,3.31,sunny,high,medium,1.4,10,6,32.2
1723,6.76,sunny,medium,low,4.6,19,0,13.7
1724,2.92,rain,HIGH,high,3.7,1,4,38.5
1725,14.15,RAIN,medium,medium,1.7,3,0,69.6
1726,2.18,RAIN,HIGH,high,3.3,6,0,34.9
1727,10.68,Sunny,high,low,8.9,0,3,47.2
1728,19.94,sunny,HIGH,high,3.4,14,4,85.1
1729,16.47,Sunny,low,high,7.3,19,5,51.4
1730,12.69,sunny,medium,medium,6.3,21,2,46.8
1731,6.82,rain,low,medium,,23,1,29.1
1732,12.85,RAIN,medium,low,2.8,7,6,51.9
1733,11.01,,medium,high,4.0,4,5,64.4
1734,9.1,rain,HIGH,low,6.1,13,4,48.5
1735,3.48,Sunny,high,low,3.8,17,2,23.0
1736,17.85,Sunny,high,low,2.5,2,5,68.8
1737,9.55,snow,low,medium,1.6,1,3,53.9
1738,4.7,sunny,HIGH,medium,8.9,21,6,29.5
1739,7.99,Sunny,high,high,4.7,15,4,43.0
1740,8.87,rain,medium,high,6.4,13,4,56.2
1741,16.72,Sunny,medium,high,5.2,15,2,63.1
1742,14.94,RAIN,HIGH,medium,8.8,10,2,67.1
1743,15.62,sunny,low,medium,5.7,16,0,45.5
1744,1.21,snow,HIGH,low,5.1,2,0,35.5
1745,8.91,sunny,low,medium,9.3,22,4,27.8
1746,10.15,RAIN,HIGH,low,7.3,22,1,41.7
1747,1.36,RAIN,medium,low,1.6,4,3,16.8
1748,5.94,RAIN,HIGH,medium,2.2,2,2,48.0
1749,15.45,RAIN,high,low,8.0,14,0,63.9
1750,3.61,rain,high,low,8.4,22,3,24.3
1751,11.17,snow,HIGH,high,5.7,4,6,74.5
1752,5.09,RAIN,low,low,5.8,21,5,22.7
1753,1.23,RAIN,low,medium,6.5,2,5,15.4
1754,5.58,Sunny,medium,medium,4.7,5,4,24.2
1755,19.54,snow,medium,low,7.0,22,2,81.5
1756,16.23,sunny,low,high,1.5,13,5,55.2
1757,19.23,snow,HIGH,medium,9.6,23,6,92.2
1758,10.27,snow,medium,medium,,1,2,55.6
1759,3.08,snow,low,high,6.5,17,0,29.2
1760,11.41,RAIN,low,low,3.5,5,5,45.9
1761,9.63,RAIN,HIGH,medium,2.0,23,1,61.4
1762,17.04,rain,high,low,4.4,4,5,74.5
1763,2.86,sunny,low,low,6.8,13,2,5.0
1764,10.28,Sunny,medium,low,6.5,16,1,31.9
1765,3.85,snow,HIGH,low,4.1,10,3,38.0
1766,7.17,sunny,HIGH,medium,6.3,0,5,29.2
1767,15.01,sunny,HIGH,high,8.2,9,2,65.1
1768,10.04,rain,high,medium,0.7,8,5,64.7
1769,8.14,Sunny,high,high,4.8,19,5,53.7
1770,8.5,snow,medium,low,7.7,11,2,42.0
1771,9.73,Sunny,medium,high,5.7,0,1,42.7
1772,15.92,rain,HIGH,low,6.7,23,0,69.8
1773,17.95,RAIN,medium,medium,5.4,17,6,67.7
1774,19.15,sunny,low,medium,9.9,11,5,49.8
1775,15.95,snow,high,high,1.0,1,4,104.7
1776,6.99,RAIN,HIGH,low,5.2,0,3,38.3
1777,14.07,rain,HIGH,low,1.4,0,2,70.1
1778,9.31,Sunny,low,high,2.0,0,5,47.3
1779,5.84,sunny,low,low,4.1,21,6,13.7
1780,16.98,snow,low,low,2.0,11,0,69.9
1781,1.73,RAIN,low,low,9.7,6,2,12.5
1782,18.13,RAIN,HIGH,medium,9.5,3,5,68.5
1783,9.77,sunny,high,medium,3.7,20,3,40.2
1784,13.11,Sunny,high,medium,,19,4,57.5
1785,13.53,rain,low,low,5.6,3,2,41.8
1786,18.01,Sunny,medium,medium,8.2,14,5,60.5
1787,13.1,Sunny,HIGH,low,6.5,0,1,46.2
1788,12.66,Sunny,high,low,0.5,5,0,56.5
1789,2.27,sunny,low,high,7.8,13,4,8.0
1790,10.85,sunny,medium,low,7.6,13,2,31.5
1791,3.85,rain,medium,medium,5.3,9,5,24.7
1792,15.01,Sunny,low,medium,9.1,6,4,44.7
1793,10.73,sunny,HIGH,low,9.1,22,1,48.1
1794,13.92,rain,high,medium,5.5,23,2,63.1
1795,1.79,rain,medium,low,6.3,22,4,11.0
1796,2.61,Sunny,high,high,10.0,21,2,25.2
1797,14.61,snow,high,low,3.3,11,2,76.5
1798,2.37,Sunny,medium,low,3.6,23,4,5.0
1799,2.35,snow,low,high,2.2,18,2,39.6
1800,1.23,rain,medium,medium,9.0,8,1,13.8
1801,19.17,sunny,medium,high,7.6,2,4,67.3
1802,15.01,RAIN,HIGH,high,,3,5,84.7
1803,7.71,rain,high,low,9.8,12,6,38.1
1804,6.63,sunny,low,low,7.4,9,4,12.7
1805,7.64,rain,high,high,8.6,13,1,47.2
1806,15.72,,medium,medium,1.0,5,1,56.7
1807,13.57,snow,low,high,5.3,7,1,67.9
1808,4.52,rain,low,medium,7.1,18,5,24.7
1809,4.31,sunny,low,high,5.7,9,5,16.3
1810,2.87,Sunny,low,high,6.8,21,6,16.4
1811,13.55,RAIN,HIGH,medium,8.3,4,6,70.7
1812,15.52,Sunny,low,high,4.1,4,2,43.3
1813,6.04,snow,medium,low,8.6,4,2,32.0
1814,1.4,Sunny,HIGH,high,2.0,8,3,21.9
1815,2.56,RAIN,medium,low,3.1,22,6,19.0
1816,19.39,sunny,medium,medium,0.9,8,6,73.3
1817,6.61,rain,high,medium,4.0,14,2,44.5
1818,15.62,snow,low,low,4.1,8,1,66.6
1819,12.87,RAIN,low,high,,13,3,60.6
1820,8.26,snow,medium,low,6.7,5,6,43.7
1821,4.91,Sunny,low,low,4.6,21,1,6.6
1822,3.31,snow,HIGH,medium,6.7,19,0,46.6
1823,12.69,RAIN,high,low,1.0,7,6,70.3
1824,15.72,rain,low,high,2.2,1,5,62.9
1825,13.23,rain,low,low,-5.0,4,4,47.4
1826,11.08,snow,HIGH,medium,6.6,16,0,60.9
1827,1.8,sunny,high,high,7.9,9,5,18.3
1828,19.4,snow,HIGH,medium,4.3,13,5,88.9
1829,16.18,Sunny,,low,7.4,17,1,44.5
1830,6.56,rain,medium,low,7.0,0,2,32.6
1831,19.62,rain,low,medium,9.7,21,4,54.2
1832,12.44,rain,high,medium,2.5,1,2,71.3
1833,12.07,sunny,medium,high,5.7,3,2,48.6
1834,15.21,sunny,HIGH,medium,6.2,12,6,54.7
1835,16.42,RAIN,medium,medium,10.0,15,4,62.2
1836,13.47,snow,medium,low,2.4,4,4,60.2
1837,277.2941693980515,snow,HIGH,low,5.5,22,0,50.0
1838,7.43,Sunny,low,medium,3.8,9,1,27.2
1839,18.63,rain,high,medium,5.5,16,2,81.6
1840,5.27,sunny,low,low,2.7,10,1,15.8
1841,8.07,Sunny,HIGH,high,1.0,4,1,59.7
1842,9.21,Sunny,medium,high,5.9,14,6,47.8
1843,9.35,sunny,high,high,3.7,3,3,58.3
1844,12.65,snow,low,high,2.2,6,0,77.2
1845,18.92,rain,HIGH,low,3.6,9,2,83.5
1846,5.57,snow,medium,medium,1.0,22,5,52.1
1847,3.31,Sunny,medium,high,9.5,23,4,16.6
1848,4.75,rain,low,low,,3,4,23.3
1849,17.85,RAIN,HIGH,medium,8.2,19,1,73.6
1850,13.27,Sunny,medium,high,4.5,4,0,55.7
1851,6.43,snow,medium,medium,9.1,4,0,38.5
1852,16.5,snow,high,high,5.1,10,2,96.7
1853,17.37,snow,medium,medium,6.0,18,2,83.3
1854,17.08,sunny,low,high,5.2,4,1,58.0
1855,18.46,Sunny,HIGH,high,,20,1,69.3
1856,5.79,rain,HIGH,medium,5.9,7,1,47.3
1857,15.35,snow,high,medium,3.1,6,3,89.5
1858,9.75,snow,HIGH,medium,1.9,7,0,76.8
1859,17.0,sunny,low,low,6.3,12,1,47.9
1860,14.84,rain,medium,low,5.1,4,6,58.0
1861,15.75,Sunny,high,medium,1.4,17,0,64.0
1862,13.47,RAIN,HIGH,low,4.3,23,5,63.9
1863,4.37,sunny,high,high,5.4,8,4,47.4
1864,11.36,Sunny,high,medium,8.4,1,4,43.2
1865,19.71,RAIN,HIGH,low,1.2,15,0,76.6
1866,18.81,snow,high,medium,3.8,13,5,94.6
1867,1.82,snow,HIGH,high,,16,4,50.2
1868,4.13,rain,low,high,6.7,5,4,30.4
1869,3.5,RAIN,HIGH,low,3.3,2,4,40.5
1870,14.79,snow,medium,high,8.5,16,2,69.9
1871,16.54,snow,HIGH,medium,5.2,12,5,77.8
1872,5.06,rain,medium,low,5.2,5,2,31.1
1873,10.61,Sunny,high,medium,9.8,7,0,35.0
1874,16.97,snow,HIGH,medium,9.5,5,0,83.1
1875,14.92,sunny,medium,medium,3.9,15,3,59.1
1876,11.3,sunny,HIGH,high,1.8,5,2,62.8
1877,12.22,Sunny,HIGH,medium,3.6,16,0,50.9
1878,10.66,RAIN,HIGH,high,0.8,20,2,77.4
1879,6.65,rain,low,medium,0.7,2,3,37.0
1880,11.74,sunny,medium,high,4.3,22,0,49.0
1881,14.09,sunny,low,high,9.4,11,0,54.2
1882,17.59,Sunny,low,high,8.8,5,0,55.3
1883,13.09,RAIN,medium,medium,5.4,20,0,51.8
1884,15.46,RAIN,HIGH,medium,5.9,6,1,66.8
1885,4.04,Sunny,low,high,0.6,10,5,32.5
1886,9.77,sunny,low,medium,2.5,8,5,35.4
1887,1.18,rain,low,high,0.7,15,2,25.3
1888,5.69,sunny,HIGH,medium,7.7,4,2,22.6
1889,14.8,RAIN,low,high,1.9,14,2,74.2
1890,19.84,sunny,high,high,8.8,20,3,76.6
1891,2.88,rain,medium,low,6.6,3,6,6.6
1892,8.63,snow,high,medium,2.7,4,1,65.1
1893,16.2,sunny,HIGH,medium,2.0,6,6,73.4
1894,4.88,Sunny,low,low,6.5,2,2,10.4
1895,11.55,snow,medium,high,9.1,3,2,64.1
1896,14.93,Sunny,low,high,7.3,14,0,48.8
1897,12.7,Sunny,HIGH,low,3.8,1,6,45.7
1898,4.57,Sunny,medium,low,6.1,23,0,17.8
1899,7.75,sunny,high,high,3.5,4,6,39.3
1900,15.89,RAIN,medium,medium,10.0,6,6,52.9
1901,11.53,snow,low,low,7.6,21,0,45.0
1902,1.1,rain,medium,low,6.3,16,2,5.0
1903,15.46,RAIN,HIGH,low,4.5,7,0,64.9
1904,1.67,sunny,HIGH,low,6.4,8,2,6.2
1905,15.17,Sunny,medium,low,3.7,9,6,48.4
1906,4.85,rain,HIGH,low,0.8,10,3,35.7
1907,19.2,snow,HIGH,high,4.3,0,3,100.4
1908,7.99,RAIN,HIGH,high,9.3,14,4,49.6
1909,7.21,RAIN,high,low,6.4,7,1,42.3
1910,3.83,rain,low,high,1.3,18,0,34.6
1911,6.81,sunny,HIGH,medium,8.9,11,5,36.5
1912,17.66,snow,medium,medium,3.1,5,0,87.3
1913,19.93,rain,HIGH,low,2.8,9,1,80.0
1914,8.0,Sunny,high,medium,3.3,23,6,38.6
1915,9.52,snow,medium,medium,6.0,4,1,51.3
1916,14.72,RAIN,low,high,5.7,23,6,75.6
1917,17.84,rain,medium,high,5.2,6,4,74.2
1918,12.27,RAIN,medium,high,7.3,6,1,57.2
1919,8.44,RAIN,medium,high,3.5,22,2,52.2
1920,8.84,RAIN,medium,medium,7.9,21,0,41.8
1921,14.22,sunny,HIGH,low,2.2,21,1,55.5
1922,1.06,RAIN,low,high,7.9,8,2,27.6
1923,12.77,Sunny,HIGH,medium,6.8,14,1,53.3
1924,7.75,Sunny,high,high,7.0,5,5,44.1
1925,16.09,snow,high,medium,5.1,15,2,88.9
1926,2.77,RAIN,medium,high,6.8,6,3,25.7
1927,12.18,RAIN,HIGH,low,1.3,14,2,62.7
1928,10.14,rain,HIGH,high,8.6,22,4,58.2
1929,13.2,sunny,low,low,1.0,1,6,44.8
1930,2.23,snow,,high,1.9,7,2,46.2
1931,12.02,RAIN,low,high,6.0,11,1,53.0
1932,11.67,rain,HIGH,high,7.5,10,3,61.7
1933,11.65,sunny,low,medium,1.2,5,3,31.2
1934,12.47,snow,low,medium,9.2,19,2,54.5
1935,13.85,snow,low,low,9.7,12,1,39.2
1936,16.29,RAIN,medium,low,6.3,22,3,55.9
1937,6.13,snow,high,medium,5.1,15,5,51.5
1938,16.68,rain,high,low,7.5,7,2,68.8
1939,10.47,snow,HIGH,low,3.6,16,2,62.0
1940,2.46,Sunny,HIGH,medium,5.2,12,6,20.3
1941,2.11,,medium,medium,,3,2,21.5
1942,7.35,sunny,high,medium,9.6,19,3,27.1
1943,15.91,,low,medium,9.3,9,0,46.4
1944,14.45,RAIN,low,high,3.0,21,1,75.1
1945,15.98,RAIN,HIGH,medium,2.7,19,4,81.5
1946,10.83,Sunny,high,low,3.3,15,4,41.5
1947,9.36,sunny,HIGH,high,4.7,16,1,47.3
1948,3.8,sunny,HIGH,high,3.5,7,0,41.9
1949,7.24,sunny,low,low,4.1,10,6,10.7
1950,9.25,sunny,low,high,6.4,4,6,35.1
1951,2.68,snow,high,low,7.7,20,6,37.4
1952,5.19,rain,HIGH,high,7.5,15,6,41.5
1953,12.37,rain,medium,high,8.2,23,1,51.9
1954,14.98,Sunny,high,low,0.8,7,2,52.4
1955,19.97,snow,HIGH,low,1.0,20,5,101.7
1956,18.73,sunny,high,low,8.0,15,1,70.1
1957,13.21,sunny,high,low,5.6,3,1,56.3
1958,9.0,RAIN,high,medium,6.0,5,5,60.9
1959,13.09,RAIN,medium,medium,1.0,20,3,56.9
1960,15.93,Sunny,medium,low,2.9,7,4,40.2
1961,3.25,sunny,low,medium,6.6,8,4,17.3
1962,8.79,Sunny,low,low,8.7,12,2,20.6
1963,16.96,snow,HIGH,low,9.2,16,5,79.1
1964,8.29,rain,high,high,5.3,8,6,53.3
1965,11.87,sunny,HIGH,low,5.7,12,6,44.3
1966,12.17,snow,low,low,8.4,8,2,47.2
1967,4.51,,medium,low,5.6,5,3,11.5
1968,7.88,RAIN,low,low,5.4,9,2,22.9
1969,7.36,Sunny,HIGH,high,9.1,4,5,31.7
1970,1.5,RAIN,low,low,8.0,6,5,5.0
1971,1.46,rain,HIGH,high,9.1,10,0,19.1
1972,16.8,RAIN,HIGH,low,2.6,23,3,70.2
1973,6.19,sunny,HIGH,high,5.5,8,5,38.9
1974,10.84,RAIN,HIGH,medium,8.5,9,5,48.5
1975,6.68,sunny,low,high,1.6,10,3,35.1
1976,18.87,rain,HIGH,high,8.0,2,6,85.3
1977,5.93,RAIN,HIGH,low,2.2,7,1,38.8
1978,9.16,Sunny,high,high,8.2,16,6,54.6
1979,17.58,Sunny,HIGH,high,6.3,6,1,73.6
1980,17.0,Sunny,low,low,2.3,11,0,50.5
1981,4.54,RAIN,HIGH,medium,5.0,15,6,34.2
1982,16.25,RAIN,,medium,7.0,14,5,63.6
1983,9.71,RAIN,,medium,6.5,20,3,42.8
1984,10.18,sunny,HIGH,high,4.6,12,3,55.5
1985,3.54,rain,medium,low,,17,1,8.7
1986,2.53,Sunny,medium,medium,5.4,17,6,7.5
1987,14.83,sunny,low,medium,5.3,23,4,43.4
1988,10.43,Sunny,high,medium,1.1,4,4,58.6
1989,9.3,sunny,medium,medium,9.3,13,5,21.5
1990,14.86,RAIN,medium,low,2.2,10,1,65.3
1991,15.54,Sunny,high,medium,5.5,2,5,58.5
1992,4.02,RAIN,high,high,8.1,16,2,42.8
1993,12.59,Sunny,medium,high,2.5,22,3,59.8
1994,3.57,snow,,low,5.5,11,6,37.3
1995,15.28,sunny,medium,medium,2.8,2,6,53.3
1996,13.48,snow,HIGH,medium,7.7,22,5,80.4
1997,19.18,sunny,HIGH,high,5.9,1,0,85.9
1998,2.31,rain,HIGH,low,8.6,3,6,25.1
1999,2.08,Sunny,high,high,,17,4,24.7
2000,6.36,rain,medium,low,6.7,19,5,25.7
2001,5.97,rain,medium,low,7.4,20,2,18.7
2002,5.69,sunny,low,low,5.7,13,3,8.8
2003,18.22,snow,high,high,4.2,7,6,100.0
2004,5.74,RAIN,low,low,6.7,1,2,19.0
2005,6.17,sunny,low,high,9.1,18,5,24.1
2006,15.43,RAIN,HIGH,high,4.5,9,3,86.4
2007,9.55,rain,high,medium,3.5,4,3,48.9
2008,15.76,RAIN,low,high,4.2,10,1,64.1
2009,2.24,snow,,high,4.6,8,1,46.9
2010,10.26,sunny,low,medium,1.2,15,0,48.7
2011,1.64,snow,high,medium,5.2,4,0,35.3
2012,2.19,snow,medium,medium,,14,6,29.2
2013,18.22,sunny,medium,low,6.1,13,2,45.8
2014,3.65,snow,medium,low,3.9,8,1,21.1
2015,11.12,Sunny,HIGH,medium,6.3,19,3,49.2
2016,8.81,Sunny,medium,low,8.8,4,1,23.8
2017,7.6,Sunny,HIGH,medium,9.6,14,3,31.8
2018,18.1,RAIN,HIGH,low,6.0,8,1,70.6
2019,1.41,snow,low,high,0.9,3,3,37.6
2020,13.61,sunny,low,low,9.7,20,2,26.3
2021,19.3,sunny,medium,low,7.2,20,1,54.0
2022,11.64,RAIN,high,high,3.7,3,4,77.4
2023,18.8,sunny,medium,medium,1.9,19,4,62.0
2024,1.99,Sunny,low,low,1.9,20,3,5.0
2025,8.96,snow,medium,low,2.1,21,2,48.7
2026,5.94,sunny,low,high,0.9,6,3,28.9
2027,14.89,sunny,medium,high,9.1,14,2,54.1
2028,19.64,rain,high,high,5.6,21,0,79.7
2029,5.87,rain,medium,high,7.1,16,1,42.0
2030,13.43,rain,high,medium,8.4,17,2,57.3
2031,4.76,snow,high,low,8.0,6,3,35.5
2032,11.74,Sunny,medium,low,8.9,18,6,28.7
2033,9.81,Sunny,high,low,9.7,9,6,25.8
2034,19.47,Sunny,high,low,4.7,12,0,74.4
2035,12.56,snow,low,medium,9.5,1,6,49.2
2036,7.64,snow,low,low,7.4,21,3,47.2
2037,3.17,rain,high,medium,1.2,19,4,43.2
2038,3.87,sunny,HIGH,medium,7.0,10,4,22.4
2039,5.28,RAIN,medium,high,7.0,4,1,35.9
2040,5.77,RAIN,high,high,9.1,5,5,47.1
2041,17.16,sunny,,low,4.0,2,1,60.2
2042,11.66,rain,low,medium,6.1,0,6,49.4
2043,10.94,sunny,medium,high,0.6,2,0,56.5
2044,3.18,sunny,high,medium,3.7,2,6,25.6
2045,17.34,RAIN,high,high,1.1,21,4,87.9
2046,14.73,rain,high,medium,5.5,3,2,72.8
2047,2.29,snow,high,low,8.3,6,4,38.6
2048,14.45,RAIN,HIGH,low,2.5,14,5,64.7
2049,11.33,snow,HIGH,medium,5.5,10,1,66.0
2050,2.55,rain,HIGH,high,2.4,17,3,39.6
2051,9.71,sunny,high,high,1.6,11,6,48.8
2052,10.21,Sunny,,low,,3,0,36.9
2053,4.15,Sunny,medium,low,1.3,23,5,14.6
2054,18.97,rain,high,low,6.1,10,4,74.5
2055,17.15,Sunny,low,high,0.8,5,2,68.2
2056,13.71,snow,high,high,1.5,18,5,87.0
2057,9.78,Sunny,medium,low,5.7,17,2,36.5
2058,8.82,rain,HIGH,medium,6.1,14,2,45.4
2059,13.37,rain,high,high,0.8,2,0,82.6
2060,11.36,snow,HIGH,low,5.9,16,2,55.9
2061,2.18,Sunny,high,medium,8.5,0,2,14.1
2062,10.74,Sunny,medium,high,7.4,1,4,44.7
2063,16.32,,high,medium,1.7,18,0,74.1
2064,9.73,RAIN,,medium,6.1,8,3,52.5
2065,1.99,rain,HIGH,high,6.9,7,3,38.1
2066,15.94,sunny,medium,low,0.9,11,2,58.1
2067,4.83,rain,high,medium,8.6,14,5,30.1
2068,5.91,sunny,low,low,9.1,22,1,10.7
2069,4.13,RAIN,high,high,8.6,6,0,38.6
2070,7.27,sunny,medium,medium,8.3,20,6,25.1
2071,15.38,rain,low,medium,7.6,15,1,56.7
2072,10.87,Sunny,medium,medium,6.5,6,0,30.9
2073,4.89,rain,high,medium,6.9,19,0,34.7
2074,17.68,snow,low,medium,8.2,20,4,73.5
2075,17.71,snow,medium,high,6.8,11,2,83.7
2076,293.46213201897996,snow,HIGH,medium,3.6,16,4,86.7
2077,5.54,snow,low,high,4.1,10,5,47.7
2078,9.57,RAIN,low,low,9.0,3,6,22.5
2079,19.71,Sunny,medium,high,0.7,18,1,72.4
2080,15.67,Sunny,HIGH,medium,7.1,1,1,48.5
2081,1.52,,low,low,9.6,1,3,5.0
2082,2.24,sunny,medium,high,7.2,23,5,18.2
2083,9.81,rain,low,high,9.9,16,6,45.3
2084,18.28,rain,low,high,7.0,23,5,77.5
2085,11.24,,low,medium,0.8,8,4,48.6
2086,10.46,rain,HIGH,medium,8.4,21,4,53.0
2087,3.0,Sunny,high,high,3.2,0,5,36.9
2088,13.48,sunny,high,high,4.7,9,4,61.9
2089,16.62,rain,HIGH,low,3.5,22,3,63.4
2090,8.23,Sunny,,medium,3.1,14,6,37.2
2091,15.74,rain,medium,medium,4.6,20,6,63.5
2092,19.33,snow,low,low,4.1,14,4,78.1
2093,4.87,rain,HIGH,high,6.5,22,4,54.6
2094,10.94,rain,medium,high,8.2,20,6,51.6
2095,6.46,RAIN,high,low,3.3,1,5,41.3
2096,16.06,snow,high,high,2.5,13,6,104.5
2097,11.97,sunny,high,high,6.8,3,5,60.3
2098,13.06,rain,high,low,6.9,17,4,56.6
2099,16.16,sunny,medium,low,9.1,8,4,43.6
2100,8.52,snow,low,low,0.7,1,5,47.6
2101,18.39,rain,medium,high,8.6,1,1,68.7
2102,11.13,RAIN,low,low,5.4,17,2,40.7
2103,4.0,Sunny,high,high,6.4,16,1,36.5
2104,14.22,RAIN,HIGH,medium,1.4,8,4,78.4
2105,16.07,RAIN,HIGH,medium,4.6,7,0,77.2
2106,7.02,Sunny,HIGH,low,2.7,1,0,37.9
2107,17.29,Sunny,low,high,2.9,1,3,58.8
2108,18.22,Sunny,high,high,5.3,4,1,75.3
2109,6.26,rain,medium,high,8.2,11,5,39.7
2110,19.69,sunny,HIGH,low,7.6,15,3,61.2
2111,3.67,sunny,low,high,6.1,13,3,23.0
2112,4.84,Sunny,HIGH,high,5.6,19,0,30.7
2113,4.5,RAIN,medium,high,4.6,1,1,37.2
2114,17.99,snow,high,medium,9.7,23,2,81.5
2115,13.43,Sunny,medium,high,5.8,7,6,49.6
2116,3.89,RAIN,high,medium,2.9,3,5,33.3
2117,9.37,RAIN,high,high,2.7,19,1,65.1
2118,12.69,rain,high,high,6.3,8,3,70.1
2119,2.59,rain,HIGH,high,5.5,19,4,50.7
2120,17.77,sunny,medium,medium,0.6,18,3,77.0
2121,16.27,sunny,HIGH,high,8.4,1,1,63.4
2122,10.6,snow,,low,7.2,15,0,38.6
2123,19.38,snow,,high,6.8,10,6,79.0
2124,8.94,snow,low,medium,1.2,7,1,52.1
2125,19.7,snow,medium,medium,3.9,11,2,92.0
2126,13.69,RAIN,medium,low,,2,5,42.4
2127,13.06,RAIN,medium,low,8.7,12,5,46.6
2128,4.15,sunny,,low,3.2,1,4,9.6
2129,17.76,rain,high,medium,2.0,12,4,80.4
2130,9.12,rain,HIGH,high,4.8,7,3,62.4
2131,4.08,Sunny,high,high,3.9,14,1,37.5
2132,1.24,RAIN,HIGH,low,7.0,23,5,20.1
2133,11.64,snow,HIGH,low,9.7,20,0,52.9
2134,11.02,snow,HIGH,high,3.9,8,2,84.5
2135,14.67,Sunny,high,low,1.1,10,3,63.8
2136,17.91,rain,medium,high,9.0,21,1,79.1
2137,2.51,snow,high,high,0.9,20,0,53.1
2138,14.9,rain,high,high,9.6,2,1,73.8
2139,4.56,Sunny,,high,6.8,6,0,32.9
2140,17.31,rain,low,medium,9.4,13,6,52.8
2141,16.56,rain,low,high,2.4,14,1,73.2
2142,11.28,rain,high,low,0.9,8,1,47.1
2143,14.49,snow,HIGH,low,5.1,19,6,76.6
2144,6.97,sunny,high,low,,10,5,24.3
2145,9.95,RAIN,high,low,3.6,6,3,49.0
2146,16.61,rain,medium,medium,9.6,11,1,49.0
2147,9.73,rain,HIGH,high,8.3,18,1,68.3
2148,7.8,rain,low,high,6.8,17,3,43.5
2149,10.39,,low,low,2.0,12,3,29.2
2150,16.74,Sunny,low,low,7.5,10,4,37.8
2151,7.37,snow,high,low,7.4,0,4,42.9
2152,4.3,sunny,HIGH,high,,5,5,36.5
2153,14.53,rain,medium,medium,9.3,20,3,55.9
2154,16.69,sunny,low,medium,2.1,1,6,53.4
2155,2.91,sunny,HIGH,medium,3.0,12,2,29.8
2156,5.56,sunny,low,medium,1.1,12,5,31.6
2157,3.7,Sunny,medium,low,8.1,18,0,5.0
2158,7.61,RAIN,HIGH,high,6.4,8,3,56.3
2159,9.56,snow,high,low,3.5,18,4,68.2
2160,15.23,Sunny,high,medium,2.1,22,1,63.6
2161,13.37,Sunny,low,low,0.9,0,3,38.3
2162,12.8,RAIN,low,medium,2.1,22,3,55.2
2163,7.7,Sunny,HIGH,high,4.8,7,4,50.7
2164,16.99,sunny,medium,medium,2.8,22,4,64.9
2165,9.95,sunny,low,low,3.0,13,2,26.8
2166,19.6,rain,HIGH,high,8.8,23,5,84.3
2167,13.05,Sunny,medium,medium,5.4,15,4,47.5
2168,3.4,rain,low,medium,7.4,3,4,13.5
2169,13.85,snow,low,high,0.8,17,4,77.2
2170,7.18,sunny,HIGH,low,4.0,13,5,32.1
2171,14.04,snow,low,high,5.1,8,1,71.3
2172,2.32,RAIN,high,low,2.3,14,3,28.8
2173,4.32,sunny,medium,medium,1.6,2,3,28.0
2174,17.26,snow,medium,medium,8.8,3,4,76.3
2175,5.32,RAIN,high,high,9.4,22,6,48.2
2176,16.9,snow,HIGH,medium,1.2,17,6,88.9
2177,6.31,RAIN,high,high,3.8,13,5,46.2
2178,13.21,RAIN,high,medium,9.6,14,2,58.1
2179,14.19,sunny,medium,medium,1.3,7,4,55.2
2180,10.74,rain,HIGH,low,6.6,9,5,49.5
2181,6.8,RAIN,low,high,9.7,23,5,31.6
2182,5.04,RAIN,high,high,9.8,11,2,44.5
2183,1.63,sunny,high,medium,5.0,20,5,19.6
2184,6.77,rain,HIGH,low,2.0,8,3,43.2
2185,13.41,Sunny,high,low,2.4,7,2,42.4
2186,18.83,Sunny,HIGH,high,9.0,16,2,79.5
2187,17.55,,low,high,9.2,8,0,69.7
2188,15.56,snow,HIGH,medium,6.3,12,2,91.7
2189,15.98,sunny,low,high,7.8,13,2,50.0
2190,13.63,rain,HIGH,medium,7.5,4,1,61.4
2191,5.95,Sunny,,low,6.8,8,3,25.6
2192,18.24,RAIN,low,high,8.4,15,4,69.5
2193,13.74,Sunny,high,low,7.0,18,0,55.7
2194,11.65,RAIN,low,low,5.6,23,2,36.2
2195,3.11,sunny,HIGH,medium,2.8,22,1,27.2
2196,9.49,RAIN,HIGH,low,7.6,6,1,41.5
2197,9.75,rain,HIGH,medium,5.0,11,5,62.9
2198,17.43,RAIN,medium,medium,3.3,1,4,72.8
2199,11.39,snow,medium,low,8.1,17,4,57.3
2200,8.23,rain,low,low,7.1,17,6,40.7
2201,19.56,sunny,medium,medium,9.4,15,3,55.6
2202,3.1,rain,HIGH,medium,2.1,10,6,44.2
2203,9.03,snow,medium,low,6.7,1,5,42.8
2204,1.8,sunny,medium,medium,2.8,13,2,10.6
2205,15.06,Sunny,high,medium,9.1,3,1,48.9
2206,18.44,snow,low,high,1.4,6,0,99.3
2207,6.32,sunny,low,high,6.7,1,3,30.9
2208,17.31,RAIN,low,high,8.0,20,2,66.2
2209,6.55,rain,medium,high,3.9,13,5,48.1
2210,18.3,sunny,HIGH,high,9.6,6,4,64.3
2211,15.33,rain,high,medium,8.6,8,5,67.2
2212,16.29,RAIN,low,medium,3.3,7,2,58.1
2213,1.34,sunny,medium,high,0.6,8,5,30.5
2214,19.29,Sunny,HIGH,low,3.3,6,4,76.5
2215,14.81,snow,high,high,3.2,18,2,95.0
2216,6.79,,high,low,9.0,16,0,29.3
2217,16.76,RAIN,low,medium,9.7,22,6,52.4
2218,6.35,sunny,low,low,1.2,12,3,21.2
2219,17.58,rain,HIGH,medium,5.0,10,5,71.8
2220,3.14,sunny,medium,low,5.7,21,4,5.0
2221,14.37,Sunny,HIGH,medium,1.4,17,0,62.9
2222,11.27,sunny,low,medium,4.1,16,1,38.5
2223,2.83,snow,HIGH,high,3.5,15,0,57.3
2224,5.6,sunny,medium,medium,5.6,9,0,15.8
2225,1.24,rain,high,high,6.8,3,0,27.8
2226,9.91,sunny,,high,7.2,3,4,48.8
2227,6.72,Sunny,high,high,1.8,21,1,43.6
2228,12.37,RAIN,high,low,8.2,10,3,55.3
2229,6.65,sunny,low,low,6.9,20,0,6.6
2230,6.7,sunny,low,medium,8.9,7,4,26.1
2231,15.12,snow,medium,high,4.8,8,4,81.4
2232,1.91,Sunny,medium,high,9.0,15,3,14.2
2233,18.16,RAIN,medium,medium,8.7,9,6,60.3
2234,17.19,rain,medium,high,4.7,22,2,69.3
2235,13.69,sunny,HIGH,medium,4.1,8,1,56.5
2236,12.27,RAIN,medium,high,9.4,2,1,52.6
2237,17.95,rain,high,low,7.3,1,5,61.4
2238,4.52,Sunny,high,medium,9.3,8,0,31.3
2239,2.5,Sunny,high,medium,8.1,12,2,14.3
2240,5.55,RAIN,,low,6.3,5,6,35.9
2241,16.1,rain,medium,medium,1.6,3,1,70.6
2242,1.66,Sunny,high,low,3.3,13,6,7.9
2243,12.07,RAIN,high,high,9.7,10,5,62.6
2244,19.91,Sunny,high,low,3.5,1,0,63.5
2245,17.26,Sunny,high,low,1.4,2,2,67.1
2246,10.91,Sunny,low,medium,7.2,4,4,31.4
2247,2.21,snow,medium,high,7.5,6,0,37.2
2248,16.8,rain,medium,low,3.2,10,2,57.5
2249,12.38,RAIN,HIGH,high,3.3,11,3,79.1
2250,3.18,RAIN,low,low,5.0,10,1,11.7
2251,2.78,rain,HIGH,medium,0.7,18,6,32.1
2252,18.28,rain,high,low,8.0,12,0,65.5
2253,13.71,rain,,low,3.5,3,5,51.9
2254,16.76,rain,high,high,8.6,13,4,76.7
2255,17.7,sunny,,low,8.1,11,5,53.8
2256,11.86,RAIN,medium,medium,6.8,1,6,52.9
2257,10.83,sunny,medium,medium,3.6,7,0,43.0
2258,9.18,Sunny,medium,low,5.4,21,1,27.1
2259,7.02,Sunny,medium,low,4.7,18,1,25.2
2260,9.26,RAIN,medium,high,3.7,12,2,47.4
2261,15.7,,low,high,8.6,20,5,53.4
2262,12.44,rain,medium,medium,5.1,20,5,46.0
2263,17.96,sunny,HIGH,high,8.4,0,4,71.4
2264,9.42,rain,high,low,1.5,4,6,53.2
2265,12.53,Sunny,medium,medium,1.8,21,2,44.8
2266,12.99,sunny,low,high,9.8,10,4,50.4
2267,12.24,rain,HIGH,medium,6.1,10,0,59.7
2268,14.35,,HIGH,low,5.3,12,0,65.7
2269,5.51,rain,high,high,,1,5,48.6
2270,10.73,Sunny,HIGH,low,2.5,18,6,44.8
2271,2.98,sunny,HIGH,low,7.3,15,2,13.4
2272,8.31,RAIN,HIGH,medium,1.3,4,6,56.3
2273,10.27,sunny,HIGH,medium,5.9,13,3,54.4
2274,13.39,RAIN,low,medium,5.9,18,1,57.8
2275,19.06,sunny,high,high,9.2,4,6,73.7
2276,12.41,Sunny,medium,high,5.5,20,2,49.5
2277,15.13,RAIN,HIGH,medium,1.8,23,6,75.5
2278,10.62,snow,low,high,5.9,8,2,63.0
2279,13.05,sunny,high,high,1.4,23,0,76.7
2280,2.35,sunny,medium,medium,2.4,11,1,22.6
2281,5.83,rain,high,low,0.8,15,6,40.2
2282,7.88,,low,high,5.4,18,6,44.2
2283,9.98,snow,low,high,1.3,14,6,64.5
2284,1.87,Sunny,low,low,5.0,16,2,5.0
2285,3.66,rain,,low,9.4,14,6,29.8
2286,6.26,snow,low,low,7.3,2,0,17.4
2287,19.46,RAIN,medium,medium,1.2,16,0,84.0
2288,7.3,snow,HIGH,low,2.6,12,5,55.8
2289,10.16,sunny,high,medium,6.9,8,5,35.2
2290,4.73,sunny,medium,low,9.0,12,2,5.0
2291,12.6,rain,HIGH,low,0.8,15,2,51.5
2292,6.33,RAIN,low,medium,8.2,18,0,34.6
2293,4.93,RAIN,high,medium,5.8,13,5,34.9
2294,10.81,snow,low,low,5.7,7,6,50.1
2295,1.1,rain,medium,low,9.6,21,6,11.5
2296,1.15,RAIN,medium,low,7.6,18,2,8.7
2297,5.16,sunny,HIGH,high,8.6,23,1,31.8
2298,1.7,snow,medium,low,3.9,2,0,28.0
2299,3.05,Sunny,high,medium,5.8,22,0,25.3
2300,7.44,sunny,HIGH,high,6.3,20,2,49.4
2301,16.25,rain,high,medium,3.6,17,2,70.6
2302,11.87,RAIN,low,high,5.9,15,2,58.6
2303,10.74,sunny,high,high,2.7,13,6,65.7
2304,6.58,Sunny,high,medium,1.9,15,6,38.2
2305,18.7,Sunny,medium,high,4.1,23,1,66.4
2306,8.54,rain,low,medium,7.5,16,0,31.2
2307,2.65,sunny,medium,low,9.2,19,3,5.0
2308,12.72,snow,low,high,4.8,10,1,66.5
2309,3.16,sunny,low,medium,,12,1,5.0
2310,7.56,Sunny,high,high,1.5,10,6,53.2
2311,10.64,rain,medium,medium,9.1,3,5,46.2
2312,17.61,rain,high,low,5.9,13,0,69.0
2313,10.38,snow,high,low,7.9,4,6,46.9
2314,14.34,rain,high,high,8.0,3,3,75.6
2315,19.86,rain,low,high,2.9,0,0,73.7
2316,3.5,rain,medium,medium,5.5,13,1,27.1
2317,6.22,rain,medium,medium,9.6,6,2,29.5
2318,8.5,rain,high,high,1.4,9,0,62.2
2319,9.01,Sunny,low,medium,7.0,1,0,28.9
2320,8.81,sunny,medium,medium,9.6,9,2,28.7
2321,18.24,,HIGH,medium,,2,3,84.6
2322,14.57,rain,medium,high,8.7,20,3,67.4
2323,12.55,RAIN,high,low,9.4,7,0,49.3
2324,6.88,RAIN,HIGH,low,7.6,9,6,34.4
2325,16.65,Sunny,low,medium,2.7,7,2,59.1
2326,19.15,rain,HIGH,high,3.7,13,5,96.2
2327,16.6,RAIN,HIGH,medium,0.8,17,0,78.5
2328,1.03,rain,high,low,8.4,8,2,8.0
2329,13.09,snow,medium,medium,8.6,21,1,62.9
2330,1.97,snow,low,low,6.5,8,5,20.5
2331,5.89,snow,HIGH,high,3.8,3,2,57.0
2332,2.13,RAIN,high,medium,1.2,2,6,32.7
2333,12.47,snow,medium,high,7.7,13,0,66.1
2334,14.05,Sunny,HIGH,medium,7.4,13,4,57.5
2335,3.18,Sunny,high,medium,9.2,20,3,32.9
2336,8.29,RAIN,high,medium,7.4,15,0,53.6
2337,9.67,rain,high,medium,8.4,4,2,43.4
2338,8.01,sunny,low,medium,7.6,19,5,19.7
2339,3.3,rain,medium,high,6.5,22,5,31.6
2340,8.96,rain,HIGH,high,,23,2,63.9
2341,15.27,rain,medium,low,9.1,14,3,45.8
2342,2.35,rain,,medium,6.7,20,0,23.9
2343,2.52,sunny,HIGH,low,4.3,8,5,14.8
2344,7.74,snow,medium,high,1.3,6,5,64.6
2345,18.89,rain,low,low,3.3,12,4,63.1
2346,13.7,Sunny,HIGH,high,5.7,22,1,74.5
2347,13.89,RAIN,HIGH,medium,3.1,7,4,74.8
2348,7.88,RAIN,high,low,2.6,11,1,52.1
2349,12.28,Sunny,medium,low,5.5,3,5,30.0
2350,1.19,rain,HIGH,low,2.1,15,1,23.4
2351,13.09,sunny,HIGH,low,8.1,5,0,46.2
2352,18.35,snow,low,medium,5.1,4,5,69.8
2353,12.64,RAIN,high,high,6.0,0,5,75.9
2354,17.6,snow,HIGH,high,,13,1,101.2
2355,14.76,sunny,low,medium,3.6,8,2,52.5
2356,3.29,RAIN,HIGH,high,4.4,17,1,47.0
2357,18.15,snow,HIGH,low,,5,1,79.8
2358,2.26,,HIGH,medium,7.8,14,3,18.8
2359,11.15,snow,low,high,2.6,15,3,61.5
2360,3.7,rain,medium,medium,6.4,7,0,21.3
2361,1.22,sunny,HIGH,medium,2.8,18,0,26.7
2362,9.02,snow,HIGH,high,9.9,4,2,68.5
2363,6.61,rain,medium,high,9.5,13,3,44.6
2364,10.23,rain,HIGH,medium,5.9,6,4,52.9
2365,11.97,sunny,high,medium,7.1,3,0,55.0
2366,1.83,Sunny,HIGH,high,8.1,20,0,24.9
2367,3.34,,high,medium,7.3,0,3,36.2
2368,11.61,sunny,medium,high,7.1,3,3,52.8
2369,7.52,rain,low,medium,9.6,13,2,38.4
2370,14.85,rain,medium,medium,6.2,22,3,64.5
2371,13.39,sunny,HIGH,medium,6.5,15,6,55.4
2372,17.07,Sunny,high,high,8.6,6,1,73.7
2373,14.16,RAIN,low,low,6.9,9,5,50.4
2374,9.17,snow,,high,7.5,9,4,72.1
2375,13.79,sunny,low,medium,2.7,3,5,43.1
2376,6.23,RAIN,,low,4.0,11,1,27.0
2377,6.82,RAIN,HIGH,low,1.9,5,6,49.7
2378,15.99,rain,medium,medium,5.3,12,6,72.7
2379,9.48,snow,HIGH,high,4.8,20,1,73.0
2380,16.17,sunny,HIGH,low,10.0,0,5,45.9
2381,16.63,rain,medium,low,6.3,7,1,48.4
2382,17.29,rain,high,high,8.0,22,0,86.2
2383,18.42,Sunny,HIGH,high,3.7,15,6,73.2
2384,9.19,RAIN,low,low,8.4,4,5,29.1
2385,7.06,sunny,HIGH,high,6.3,6,1,49.0
2386,12.06,sunny,HIGH,low,7.1,2,0,41.8
2387,8.05,sunny,low,medium,3.3,23,3,19.7
2388,12.42,rain,medium,high,5.7,20,6,54.1
2389,14.41,Sunny,high,low,6.5,1,4,45.8
2390,14.08,snow,high,high,6.1,1,4,84.3
2391,8.12,rain,low,high,9.2,19,1,44.3
2392,4.17,snow,medium,low,9.0,22,4,26.8
2393,9.18,Sunny,HIGH,medium,9.7,9,0,48.7
2394,3.71,RAIN,HIGH,low,6.8,19,3,33.2
2395,17.91,sunny,HIGH,high,9.7,8,1,73.6
2396,7.57,snow,HIGH,low,8.4,17,2,47.3
2397,3.93,,HIGH,high,3.1,5,5,45.6
2398,1.48,snow,low,low,4.6,19,6,19.7
2399,13.27,RAIN,HIGH,medium,2.8,5,4,71.2
2400,13.1,sunny,HIGH,medium,0.5,9,4,62.3
2401,7.47,snow,medium,medium,2.3,8,1,49.2
2402,2.36,RAIN,HIGH,medium,0.5,8,5,33.3
2403,8.78,rain,high,low,7.3,2,5,51.9
2404,6.91,Sunny,low,medium,4.5,11,4,25.5
2405,13.87,rain,low,low,3.5,10,4,49.2
2406,12.51,sunny,low,high,7.7,13,2,45.8
2407,7.93,rain,high,high,8.4,18,5,59.2
2408,5.14,rain,HIGH,high,9.8,9,0,41.3
2409,19.77,rain,low,medium,6.6,18,6,67.7
2410,9.63,rain,high,medium,4.9,4,1,51.2
2411,14.08,sunny,medium,medium,3.4,21,1,50.1
2412,3.67,RAIN,HIGH,high,2.6,8,2,44.5
2413,10.23,snow,high,high,2.5,0,6,72.7
2414,1.52,Sunny,HIGH,high,4.4,14,2,21.2
2415,10.6,snow,medium,high,9.9,23,0,68.2
2416,19.32,snow,high,low,0.5,3,3,90.7
2417,8.3,Sunny,HIGH,low,2.4,6,1,39.5
2418,1.74,sunny,high,medium,2.3,5,5,24.9
2419,252.26128235344137,Sunny,,medium,7.3,14,6,5.5
2420,8.37,sunny,HIGH,high,3.8,5,4,40.5
2421,4.04,snow,high,low,4.8,6,6,39.0
2422,1.44,sunny,low,low,1.9,19,0,7.8
2423,15.37,RAIN,,medium,,21,1,72.7
2424,9.71,Sunny,HIGH,low,1.5,2,5,40.5
2425,6.5,RAIN,HIGH,medium,5.6,20,0,43.5
2426,18.1,snow,medium,high,1.4,12,3,98.0
2427,3.21,Sunny,low,high,8.0,1,5,17.2
2428,19.16,snow,medium,medium,,2,1,82.5
2429,6.97,RAIN,,high,7.4,12,6,51.7
2430,17.88,snow,high,high,4.5,8,4,95.4
2431,12.46,Sunny,,low,4.1,21,5,29.4
2432,16.71,Sunny,low,low,1.4,18,1,49.1
2433,19.7,snow,low,low,5.5,17,0,74.1
2434,6.48,Sunny,medium,low,5.4,4,3,19.8
2435,19.26,Sunny,medium,low,4.9,9,5,53.5
2436,8.4,snow,high,medium,7.5,13,0,64.9
2437,8.32,RAIN,high,medium,8.4,20,0,38.8
2438,7.47,Sunny,low,low,7.6,16,2,15.9
2439,11.29,Sunny,high,high,,2,0,58.9
2440,3.93,Sunny,,high,6.4,6,6,19.8
2441,11.52,Sunny,high,medium,1.3,8,5,53.4
2442,11.29,snow,medium,medium,7.1,4,3,49.4
2443,15.48,RAIN,high,medium,4.1,3,4,75.3
2444,16.84,RAIN,HIGH,high,1.8,2,2,96.4
2445,9.37,sunny,medium,medium,8.7,12,0,26.4
2446,6.74,Sunny,HIGH,high,6.3,8,5,54.4
2447,5.93,,medium,medium,3.9,22,6,20.8
2448,4.7,sunny,high,high,0.8,6,6,41.0
2449,2.1,RAIN,HIGH,medium,5.6,7,6,38.4
2450,7.51,rain,high,medium,9.3,9,1,37.4
2451,6.13,rain,medium,high,6.2,0,2,39.8
2452,19.36,RAIN,,medium,9.7,19,3,87.0
2453,11.6,Sunny,low,low,1.8,20,1,26.7
2454,7.6,rain,high,high,5.9,20,3,58.7
2455,12.03,snow,medium,medium,8.1,0,1,60.9
2456,3.64,snow,HIGH,high,5.5,18,4,44.7
2457,9.44,sunny,high,medium,1.4,1,3,45.6
2458,12.9,RAIN,HIGH,low,6.0,11,1,68.4
2459,10.29,RAIN,high,medium,6.3,22,6,56.4
2460,8.63,,high,medium,7.4,12,3,50.9
2461,19.88,Sunny,high,low,7.7,13,2,66.6
2462,17.73,RAIN,HIGH,high,7.8,4,3,94.0
2463,12.84,rain,HIGH,medium,6.8,2,5,57.5
2464,11.82,,high,medium,2.6,23,3,60.9
2465,12.79,RAIN,low,low,4.3,16,1,42.7
2466,4.82,rain,low,high,7.9,0,3,32.8
2467,8.51,sunny,low,high,9.6,13,4,29.8
2468,1.75,sunny,medium,low,1.2,5,0,9.7
2469,10.04,RAIN,low,low,5.6,16,2,30.6
2470,11.32,Sunny,HIGH,medium,3.5,3,5,54.8
2471,5.33,sunny,low,low,2.6,5,6,5.0
2472,19.32,sunny,HIGH,low,5.3,0,1,63.9
2473,18.28,RAIN,medium,low,6.3,8,6,58.2
2474,14.72,snow,HIGH,high,0.6,3,6,87.9
2475,11.13,rain,HIGH,low,7.9,8,3,40.0
2476,17.53,sunny,HIGH,medium,8.3,8,3,65.8
2477,3.48,snow,low,medium,9.7,21,3,27.9
2478,16.02,Sunny,high,medium,2.2,12,2,69.6
2479,3.37,snow,HIGH,low,6.1,22,5,42.5
2480,16.09,RAIN,low,high,4.6,16,0,73.3
2481,6.24,Sunny,low,low,3.7,20,4,5.0
2482,17.66,Sunny,low,low,5.9,2,5,49.1
2483,18.94,snow,high,medium,7.9,5,4,90.3
2484,3.83,RAIN,high,low,0.7,19,6,36.5
2485,9.79,sunny,high,high,9.7,14,5,47.1
2486,19.64,snow,high,medium,8.2,13,1,88.3
2487,10.18,sunny,medium,high,7.6,12,0,44.1
2488,17.41,snow,high,high,7.7,8,0,88.1
2489,12.19,sunny,high,high,4.2,22,2,67.0
2490,8.13,snow,high,low,7.6,14,5,47.8
2491,6.43,Sunny,HIGH,low,4.2,13,3,19.0
2492,4.86,rain,HIGH,low,9.0,3,0,29.3
2493,15.47,Sunny,high,low,2.2,10,5,52.9
2494,8.34,sunny,medium,medium,3.3,21,3,27.1
2495,10.71,RAIN,HIGH,low,5.7,1,2,53.7
2496,10.35,Sunny,low,medium,3.5,15,6,38.5
2497,11.97,rain,HIGH,high,4.5,18,6,70.0
2498,17.45,sunny,low,medium,5.2,15,5,43.0
2499,19.63,Sunny,HIGH,low,8.6,6,5,66.2
2500,8.74,snow,high,medium,5.5,10,1,60.0
2501,16.72,RAIN,HIGH,low,3.9,11,5,77.4
2502,15.53,sunny,high,low,2.9,3,1,67.9
2503,11.9,Sunny,high,medium,4.4,15,3,44.9
2504,19.16,sunny,HIGH,medium,,15,6,85.4
2505,4.81,snow,low,high,7.6,6,3,32.5
2506,3.08,rain,low,high,1.6,12,6,29.6
2507,17.23,Sunny,HIGH,high,2.6,4,6,83.7
2508,9.34,sunny,high,high,4.1,0,0,49.5
2509,17.09,,low,high,3.9,4,2,57.5
2510,17.97,sunny,medium,medium,4.2,21,1,52.3
2511,2.19,rain,high,high,8.0,13,6,30.3
2512,17.79,sunny,HIGH,medium,3.6,10,0,67.0
2513,236.5171108564671,RAIN,high,high,5.3,1,4,66.1
2514,10.7,RAIN,medium,low,6.4,23,0,47.8
2515,12.91,sunny,medium,high,2.7,17,3,51.7
2516,18.6,RAIN,low,low,7.3,14,4,55.0
2517,1.36,,medium,medium,5.7,13,0,5.0
2518,10.06,RAIN,high,high,4.7,12,5,56.9
2519,14.07,sunny,low,medium,8.2,1,2,31.7
2520,14.73,snow,medium,high,2.8,18,1,74.5
2521,14.16,Sunny,,medium,8.9,7,5,38.5
2522,3.55,rain,low,high,5.8,21,4,25.5
2523,6.69,sunny,HIGH,high,6.3,16,6,40.6
2524,7.82,rain,low,low,8.8,14,2,24.9
2525,16.28,snow,low,medium,8.3,19,6,65.4
2526,6.3,rain,medium,medium,6.2,20,0,27.6
2527,5.0,sunny,high,medium,7.7,13,5,32.5
2528,19.19,sunny,high,medium,4.6,2,3,63.9
2529,1.17,snow,medium,medium,5.7,16,3,24.8
2530,19.96,sunny,high,low,1.1,2,2,82.2
2531,13.86,snow,low,high,,12,3,76.6
2532,16.74,snow,HIGH,low,8.4,17,1,66.1
2533,6.6,sunny,low,medium,1.1,0,6,17.6
2534,1.27,RAIN,low,medium,2.1,6,2,16.6
2535,15.02,snow,HIGH,high,,22,2,82.9
2536,16.85,sunny,medium,low,0.5,4,3,58.5
2537,15.07,RAIN,low,high,3.2,1,2,72.0
2538,3.71,snow,low,high,6.0,16,0,36.4
2539,15.32,RAIN,medium,low,6.2,20,4,53.0
2540,15.61,Sunny,low,high,7.9,9,5,47.2
2541,13.51,Sunny,low,low,5.3,3,4,33.4
2542,15.56,RAIN,high,low,5.3,8,6,60.2
2543,17.07,snow,medium,medium,7.4,20,5,74.5
2544,12.66,sunny,low,high,5.2,10,3,43.6
2545,2.68,rain,low,medium,6.3,11,1,20.6
2546,10.26,sunny,HIGH,high,9.0,11,1,55.2
2547,2.48,rain,HIGH,high,4.3,17,3,48.7
2548,8.74,rain,HIGH,medium,4.2,3,6,53.4
2549,8.74,snow,low,medium,0.5,8,3,55.7
2550,2.25,RAIN,low,medium,6.3,7,2,13.7
2551,7.63,sunny,HIGH,low,0.8,18,1,32.7
2552,3.11,RAIN,high,high,5.3,23,4,36.1
2553,16.36,Sunny,high,low,8.1,12,3,56.2
2554,19.01,snow,high,high,5.7,1,6,89.9
2555,2.37,snow,high,high,3.1,18,6,57.8
2556,19.15,Sunny,medium,low,8.0,13,4,51.1
2557,10.93,sunny,HIGH,low,3.1,4,5,42.6
2558,6.69,Sunny,low,high,7.5,9,4,29.4
2559,2.46,sunny,HIGH,medium,6.3,23,6,12.7
2560,10.51,rain,high,medium,2.1,16,1,59.9
2561,16.1,snow,low,medium,9.1,19,5,72.3
2562,14.43,sunny,medium,medium,2.4,15,4,51.0
2563,1.95,RAIN,HIGH,high,9.9,16,2,27.4
2564,2.39,RAIN,low,medium,0.6,0,2,21.7
2565,8.65,snow,low,medium,3.0,20,1,55.9
2566,6.61,Sunny,high,medium,2.4,21,2,35.1
2567,5.42,,high,high,0.6,14,3,37.8
2568,6.34,sunny,HIGH,low,7.5,16,5,22.7
2569,16.27,Sunny,medium,medium,7.1,10,1,45.3
2570,18.66,snow,low,high,8.0,21,5,70.1
2571,8.7,sunny,high,high,,4,6,56.4
2572,18.22,rain,HIGH,medium,4.7,3,4,86.3
2573,7.11,Sunny,high,low,6.8,20,3,30.3
2574,10.05,Sunny,HIGH,low,4.7,23,1,44.0
2575,5.29,sunny,high,low,7.1,8,4,20.3
2576,13.17,RAIN,medium,high,6.5,15,4,68.5
2577,19.6,Sunny,low,medium,1.6,11,4,60.7
2578,12.47,snow,high,medium,7.9,17,4,69.9
2579,7.8,Sunny,low,high,7.3,21,4,25.4
2580,13.31,rain,HIGH,medium,6.7,2,1,56.9
2581,3.34,Sunny,medium,medium,2.0,14,2,16.4
2582,17.88,RAIN,,low,3.0,17,4,71.2
2583,10.56,Sunny,high,medium,4.2,11,6,56.3
2584,9.54,sunny,low,medium,3.2,12,6,35.7
2585,12.13,Sunny,low,high,2.7,0,3,46.0
2586,12.87,RAIN,HIGH,high,8.2,3,1,66.5
2587,2.36,sunny,medium,low,6.6,7,0,12.7
2588,13.97,snow,medium,high,5.9,18,2,74.9
2589,5.6,sunny,low,low,2.6,20,3,17.6
2590,14.57,rain,low,low,9.2,20,6,39.9
2591,16.63,sunny,HIGH,medium,2.3,4,4,67.6
2592,16.28,snow,low,low,8.1,10,1,63.0
2593,11.5,Sunny,HIGH,medium,9.7,23,1,41.2
2594,10.88,,medium,low,7.4,23,4,30.5
2595,3.71,sunny,medium,high,9.9,16,6,15.7
2596,15.73,sunny,HIGH,high,6.7,16,3,71.7
2597,6.16,sunny,low,high,2.6,1,1,26.7
2598,10.44,snow,medium,low,2.4,23,5,62.2
2599,6.4,RAIN,high,low,3.6,0,6,39.6
2600,3.54,RAIN,HIGH,medium,0.6,3,6,45.8
2601,12.96,sunny,medium,medium,7.0,8,2,42.4
2602,2.03,snow,medium,medium,3.1,1,3,31.9
2603,15.22,snow,medium,medium,8.2,2,6,70.7
2604,7.03,sunny,high,low,3.9,5,4,37.2
2605,1.0,rain,high,low,5.1,12,6,14.6
2606,10.71,sunny,high,medium,9.7,14,3,43.1
2607,1.89,rain,low,low,,10,5,11.8
2608,6.25,sunny,,low,7.4,9,6,25.9
2609,14.43,rain,low,low,7.7,2,3,50.8
2610,2.19,rain,high,low,2.6,19,6,32.5
2611,16.95,,HIGH,medium,5.3,8,0,72.3
2612,1.07,rain,low,medium,3.8,9,4,17.0
2613,5.69,Sunny,low,low,7.8,20,2,5.5
2614,15.08,RAIN,low,high,6.4,22,4,50.4
2615,7.01,snow,high,medium,5.0,23,0,64.1
2616,2.94,rain,medium,medium,7.9,22,4,8.8
2617,7.84,rain,HIGH,high,2.7,11,4,68.2
2618,6.14,snow,high,medium,7.7,7,2,54.9
2619,17.01,rain,HIGH,high,8.7,20,0,90.4
2620,6.95,snow,high,high,8.8,20,4,61.6
2621,15.99,sunny,low,low,7.9,20,5,41.0
2622,17.95,Sunny,low,medium,4.4,16,6,54.6
2623,9.24,Sunny,medium,high,9.8,21,4,36.3
2624,18.29,RAIN,medium,low,4.1,4,1,61.3
2625,8.17,rain,HIGH,medium,6.6,23,4,48.0
2626,19.32,RAIN,medium,low,2.0,7,2,66.3
2627,2.7,sunny,medium,low,9.8,17,1,5.0
2628,14.05,Sunny,HIGH,high,7.2,10,5,63.4
2629,10.38,sunny,high,medium,7.7,21,6,43.8
2630,8.37,sunny,medium,low,1.1,9,5,28.3
2631,13.02,rain,high,high,7.8,14,5,66.6
2632,14.37,sunny,,high,7.9,5,0,51.4
2633,1.08,Sunny,medium,low,6.9,18,5,5.0
2634,4.17,RAIN,low,low,3.3,16,3,19.9
2635,14.55,Sunny,low,high,5.2,22,2,47.7
2636,13.66,rain,high,low,1.5,9,0,67.5
2637,19.35,Sunny,HIGH,low,5.0,4,1,63.2
2638,15.46,snow,medium,medium,2.8,15,3,72.4
2639,19.06,RAIN,high,high,3.8,11,0,93.1
2640,14.35,snow,HIGH,low,2.0,20,2,81.4
2641,6.66,snow,low,high,2.7,23,1,45.7
2642,3.0,rain,medium,medium,1.2,4,2,24.6
2643,15.85,sunny,low,high,9.2,20,2,41.7
2644,13.24,snow,low,high,,0,1,70.7
2645,1.92,Sunny,medium,high,4.3,1,5,18.9
2646,7.84,sunny,HIGH,medium,5.6,4,4,40.9
2647,19.18,Sunny,HIGH,medium,6.5,22,2,73.4
2648,10.51,Sunny,medium,high,9.3,18,5,44.3
2649,9.22,,medium,high,2.2,14,6,45.0
2650,9.7,sunny,high,medium,3.3,0,1,43.6
2651,4.97,Sunny,high,low,9.8,10,2,19.3
2652,8.01,rain,low,medium,4.0,17,4,38.3
2653,8.03,RAIN,medium,high,0.7,2,6,51.5
2654,1.99,RAIN,HIGH,low,1.9,8,1,29.1
2655,15.58,rain,low,low,0.8,23,0,49.1
2656,8.91,sunny,low,low,9.9,3,0,8.5
2657,16.62,Sunny,low,medium,3.1,23,5,44.8
2658,17.16,RAIN,low,medium,9.3,12,0,58.8
2659,5.03,Sunny,HIGH,medium,10.0,8,3,28.8
2660,13.49,rain,low,medium,6.2,2,2,42.9
2661,9.97,Sunny,medium,high,0.8,15,2,49.8
2662,17.72,rain,high,low,1.3,21,1,78.8
2663,5.1,sunny,HIGH,high,5.1,7,3,37.2
2664,13.88,rain,medium,medium,4.4,6,2,66.4
2665,12.55,rain,medium,medium,6.3,22,1,44.8
2666,6.61,RAIN,medium,high,4.7,16,4,42.3
2667,3.6,Sunny,high,low,9.4,15,2,5.0
2668,13.38,RAIN,high,low,5.6,20,5,60.1
2669,15.03,snow,,medium,7.1,21,2,74.9
2670,7.0,rain,medium,medium,9.0,17,4,22.3
2671,13.25,snow,high,medium,1.9,15,4,82.4
2672,8.51,RAIN,low,medium,2.7,14,2,38.5
2673,14.55,Sunny,high,low,1.5,1,4,55.3
2674,4.79,RAIN,HIGH,high,1.8,19,1,57.8
2675,17.91,Sunny,medium,low,5.4,3,2,48.3
2676,6.46,Sunny,medium,high,3.6,4,2,38.3
2677,7.99,sunny,low,medium,4.5,6,0,29.5
2678,2.1,,high,medium,9.8,14,5,23.7
2679,3.12,RAIN,high,high,2.0,16,2,47.0
2680,10.8,,HIGH,medium,5.6,9,6,56.1
2681,6.08,RAIN,low,low,1.4,19,0,21.5
2682,16.87,RAIN,HIGH,medium,3.5,8,4,81.2
2683,1.28,Sunny,HIGH,medium,5.5,15,5,19.6
2684,8.2,snow,medium,medium,9.5,23,5,51.6
2685,7.41,rain,medium,medium,4.2,2,4,39.0
2686,1.37,rain,high,low,1.1,21,1,31.2
2687,3.36,sunny,high,high,4.2,8,0,27.0
2688,8.86,sunny,HIGH,medium,1.9,7,2,35.6
2689,10.36,sunny,high,medium,2.7,22,0,44.6
2690,8.68,rain,HIGH,low,6.4,6,4,41.2
2691,11.09,snow,high,low,1.1,16,4,65.2
2692,12.31,rain,high,low,4.9,4,6,61.5
2693,1.19,rain,medium,medium,6.3,6,1,16.0
2694,9.82,rain,medium,high,4.5,12,5,54.2
2695,19.31,rain,medium,low,0.7,17,5,72.8
2696,10.86,snow,medium,low,9.9,21,4,42.5
2697,13.87,sunny,low,low,4.0,13,0,36.7
2698,6.93,RAIN,medium,high,7.9,17,5,46.6
2699,15.71,sunny,low,medium,3.6,2,6,51.3
2700,15.69,sunny,medium,medium,5.0,16,6,56.0
2701,10.9,RAIN,high,medium,4.2,18,2,61.3
2702,19.54,rain,HIGH,low,3.8,6,2,87.3
2703,3.39,,high,medium,0.7,20,0,46.1
2704,1.32,snow,high,low,3.9,3,1,46.8
2705,15.63,sunny,low,high,9.0,14,2,56.1
2706,16.34,RAIN,medium,high,7.1,23,0,76.4
2707,3.28,Sunny,HIGH,medium,1.9,7,0,36.1
2708,6.05,rain,HIGH,low,6.1,15,4,41.0
2709,1.33,sunny,medium,low,9.0,0,5,5.0
2710,6.57,snow,low,medium,7.2,15,4,32.4
2711,15.69,RAIN,low,high,1.9,1,5,73.3
2712,10.84,RAIN,low,high,8.7,1,1,50.0
2713,7.61,sunny,HIGH,high,3.4,7,1,53.2
2714,8.06,Sunny,low,high,4.8,11,1,33.7
2715,1.03,snow,low,high,5.5,10,0,24.9
2716,6.7,sunny,HIGH,medium,8.6,5,0,31.2
2717,13.28,Sunny,,medium,9.4,18,4,54.3
2718,19.51,RAIN,high,medium,9.3,17,2,78.1
2719,17.09,rain,HIGH,high,0.6,4,6,90.5
2720,1.45,snow,medium,high,9.3,14,5,33.3
2721,18.07,snow,,medium,1.0,7,5,92.4
2722,15.88,Sunny,HIGH,medium,3.0,5,1,62.0
2723,15.83,sunny,low,high,5.4,11,5,66.6
2724,9.7,RAIN,high,low,5.1,18,3,55.8
2725,8.56,Sunny,low,medium,6.2,11,1,30.6
2726,6.76,rain,high,high,5.1,11,6,56.2
2727,2.25,rain,low,high,9.4,8,5,15.4
2728,5.34,rain,medium,medium,2.8,23,4,39.1
2729,5.69,Sunny,low,low,3.1,9,5,18.9
2730,10.2,RAIN,low,high,9.2,21,0,42.8
2731,15.2,snow,medium,medium,1.2,16,4,70.8
2732,10.0,sunny,medium,high,6.3,17,4,44.6
2733,2.1,snow,HIGH,high,7.0,15,4,53.2
2734,19.2,RAIN,low,high,5.3,3,3,73.0
2735,18.91,snow,medium,high,7.1,17,3,90.9
2736,15.92,Sunny,medium,low,2.1,2,5,45.7
2737,19.84,rain,HIGH,medium,8.6,15,1,75.5
2738,11.35,RAIN,high,medium,1.8,13,5,64.9
2739,19.29,RAIN,medium,medium,4.3,23,5,70.6
2740,2.44,snow,medium,medium,1.2,8,5,40.0
2741,7.95,Sunny,low,medium,5.7,5,6,15.9
2742,5.28,snow,HIGH,low,6.9,3,0,38.3
2743,4.72,snow,low,high,9.4,1,4,43.0
2744,3.68,RAIN,high,high,7.5,22,2,45.5
2745,12.83,snow,HIGH,medium,5.6,9,6,75.9
2746,15.85,rain,low,high,9.4,10,1,59.0
2747,11.99,snow,medium,high,5.0,6,1,70.0
2748,3.79,rain,medium,high,5.8,4,4,33.3
2749,16.41,RAIN,HIGH,medium,,3,1,85.5
2750,13.08,Sunny,medium,medium,4.4,5,4,47.5
2751,8.38,rain,low,low,8.5,1,1,21.1
2752,13.81,Sunny,HIGH,medium,2.3,1,5,60.3
2753,5.94,Sunny,medium,low,5.8,15,0,7.5
2754,7.56,rain,medium,medium,7.4,22,6,26.3
2755,18.43,RAIN,high,high,9.1,22,6,91.7
2756,6.52,sunny,high,low,8.9,12,1,25.2
2757,9.93,Sunny,HIGH,low,5.3,20,6,36.2
2758,17.91,Sunny,high,low,6.6,6,1,60.7
2759,14.45,RAIN,low,medium,4.2,4,2,54.8
2760,2.18,RAIN,medium,low,4.9,16,6,16.0
2761,3.8,snow,medium,medium,9.1,12,0,38.2
2762,1.15,RAIN,,low,9.3,14,6,10.0
2763,12.99,Sunny,HIGH,medium,9.0,2,5,48.1
2764,9.51,rain,HIGH,low,1.8,22,0,42.6
2765,3.55,sunny,high,high,8.6,3,6,25.3
2766,19.2,snow,medium,high,9.5,14,0,90.0
2767,11.06,rain,medium,low,3.9,17,6,51.3
2768,5.6,sunny,medium,medium,5.4,2,1,17.9
2769,10.51,sunny,medium,medium,7.9,6,3,28.9
2770,13.91,sunny,medium,medium,5.8,7,1,44.6
2771,2.45,rain,low,high,9.9,10,4,29.4
2772,6.22,snow,medium,high,4.8,21,6,53.6
2773,16.33,snow,low,high,7.3,8,2,71.4
2774,9.73,sunny,medium,medium,8.0,19,0,29.8
2775,11.38,rain,HIGH,medium,5.2,11,4,57.3
2776,9.22,sunny,HIGH,medium,8.6,4,5,42.9
2777,1.83,RAIN,low,low,5.7,0,4,18.4
2778,4.15,snow,medium,low,4.4,13,3,32.8
2779,9.47,Sunny,HIGH,low,1.5,2,6,47.1
2780,4.97,sunny,HIGH,high,4.2,14,0,33.1
2781,1.95,RAIN,medium,high,7.5,9,1,38.6
2782,17.03,snow,medium,medium,9.3,9,0,65.2
2783,19.64,rain,HIGH,low,2.9,23,2,86.5
2784,16.07,snow,medium,medium,3.9,2,0,77.2
2785,17.22,rain,high,low,2.0,5,4,68.0
2786,5.6,rain,medium,low,7.1,4,4,27.5
2787,19.25,sunny,HIGH,medium,9.6,23,1,68.1
2788,4.74,sunny,HIGH,medium,6.6,18,1,23.7
2789,19.08,snow,low,low,6.4,13,1,69.6
2790,19.9,RAIN,high,low,5.8,16,5,69.5
2791,14.52,snow,HIGH,high,1.3,11,6,89.6
2792,19.64,Sunny,high,medium,7.4,8,2,67.2
2793,11.82,rain,medium,medium,6.2,2,5,49.1
2794,5.93,rain,HIGH,medium,6.8,17,5,33.0
2795,9.3,sunny,low,medium,9.0,3,5,15.1
2796,12.28,RAIN,HIGH,low,7.9,13,0,48.1
2797,2.39,sunny,low,high,7.9,23,3,12.5
2798,12.82,Sunny,high,medium,9.3,5,6,44.4
2799,19.64,snow,low,low,9.9,14,0,69.3
2800,4.61,snow,medium,low,6.0,16,1,35.1
2801,16.06,RAIN,medium,low,1.5,23,2,57.2
2802,18.25,sunny,medium,low,4.9,4,5,60.8
2803,18.93,sunny,HIGH,low,8.0,5,0,60.7
2804,19.24,Sunny,medium,medium,0.8,20,6,77.9
2805,10.91,snow,medium,medium,1.0,4,4,62.2
2806,19.57,sunny,HIGH,high,1.1,18,6,81.8
2807,15.39,RAIN,high,medium,7.4,13,5,75.4
2808,4.07,snow,medium,low,5.3,3,6,25.6
2809,10.06,Sunny,medium,high,4.0,4,0,51.1
2810,14.65,RAIN,HIGH,low,1.5,10,4,67.8
2811,5.7,rain,high,low,7.5,1,0,30.3
2812,13.17,Sunny,high,medium,3.5,21,0,53.5
2813,13.67,RAIN,high,low,3.0,1,5,62.0
2814,4.09,sunny,,medium,6.7,19,0,29.6
2815,11.74,rain,low,low,5.8,11,1,38.1
2816,15.66,Sunny,low,high,3.9,15,6,64.7
2817,10.48,sunny,medium,low,6.6,16,4,22.6
2818,1.23,,medium,medium,3.1,3,2,21.5
2819,1.17,snow,medium,low,8.1,13,3,24.3
2820,7.78,sunny,low,medium,2.7,6,6,21.1
2821,18.6,RAIN,HIGH,medium,2.0,14,5,90.6
2822,5.34,Sunny,medium,high,7.9,15,4,26.6
2823,13.05,rain,HIGH,medium,7.2,7,1,63.1
2824,5.22,sunny,medium,high,2.2,1,4,31.3
2825,7.11,snow,HIGH,high,1.6,18,2,63.4
2826,17.11,Sunny,HIGH,low,8.5,0,5,55.7
2827,14.85,Sunny,low,high,7.9,22,4,47.3
2828,2.81,sunny,HIGH,medium,3.6,3,6,33.7
2829,9.15,snow,high,medium,6.8,23,1,63.8
2830,1.55,rain,low,high,1.7,20,5,27.8
2831,10.14,sunny,medium,low,5.3,21,1,35.6
2832,13.59,rain,low,high,0.7,10,5,64.6
2833,3.25,Sunny,high,high,4.2,9,3,38.2
2834,6.49,rain,high,medium,1.2,17,2,55.9
2835,8.56,,HIGH,low,5.0,0,3,53.3
2836,18.47,RAIN,high,low,4.5,16,6,77.2
2837,19.87,snow,high,low,4.7,15,6,86.8
2838,1.85,rain,high,low,,11,6,35.2
2839,15.46,sunny,,medium,,15,0,63.6
2840,8.06,Sunny,medium,low,7.7,8,6,26.8
2841,8.46,RAIN,medium,low,4.0,16,1,36.6
2842,15.33,sunny,low,low,7.3,2,3,50.0
2843,18.45,sunny,HIGH,medium,4.0,17,1,69.0
2844,19.07,snow,medium,medium,4.5,14,5,88.1
2845,11.97,rain,high,low,,14,1,53.6
2846,7.79,,HIGH,medium,9.5,15,0,52.8
2847,15.96,rain,medium,high,1.5,19,1,66.6
2848,5.77,snow,low,low,0.8,0,5,36.7
2849,11.72,sunny,high,medium,6.3,0,5,44.7
2850,7.81,Sunny,HIGH,low,9.5,3,3,25.5
2851,13.48,rain,medium,low,9.9,12,6,38.9
2852,5.57,RAIN,HIGH,medium,5.1,3,2,38.6
2853,4.64,RAIN,medium,high,4.9,22,4,32.7
2854,18.45,sunny,low,low,6.6,7,3,42.1
2855,2.93,snow,high,high,5.8,12,0,43.9
2856,10.61,snow,low,medium,6.5,23,4,52.9
2857,5.2,sunny,high,low,8.8,7,1,20.1
2858,1.74,RAIN,high,medium,7.6,13,3,31.6
2859,1.68,RAIN,HIGH,medium,5.2,0,4,28.8
2860,4.33,snow,medium,medium,4.9,8,6,35.8
2861,17.47,rain,low,medium,6.6,23,6,61.1
2862,6.37,,low,low,4.8,0,3,16.9
2863,19.06,rain,low,high,4.8,6,6,77.9
2864,12.05,RAIN,HIGH,high,0.7,19,1,75.4
2865,9.3,rain,HIGH,low,2.2,12,5,53.6
2866,12.02,Sunny,HIGH,low,5.1,14,3,45.0
2867,10.82,rain,high,high,8.3,8,0,59.5
2868,15.42,rain,low,high,3.1,15,4,72.1
2869,6.37,,high,low,5.5,16,4,31.3
2870,7.71,rain,low,medium,3.8,8,4,28.5
2871,17.99,sunny,low,low,1.5,5,3,52.0
2872,18.98,RAIN,medium,high,9.6,19,1,75.8
2873,17.96,Sunny,low,medium,8.6,11,3,51.7
2874,8.97,,HIGH,high,-5.0,15,3,63.8
2875,15.83,sunny,HIGH,medium,7.3,20,6,67.5
2876,10.05,sunny,HIGH,high,3.8,14,5,48.1
2877,10.45,sunny,medium,medium,10.0,6,4,32.0
2878,4.89,sunny,medium,low,3.4,9,1,19.4
2879,12.23,rain,high,low,2.8,3,2,65.3
2880,4.54,RAIN,low,medium,,23,1,30.2
2881,7.3,,low,medium,8.4,2,6,33.3
2882,17.25,Sunny,HIGH,low,2.3,17,3,65.8
2883,4.93,sunny,HIGH,low,7.2,0,0,20.1
2884,2.35,,,medium,1.1,12,1,37.6
2885,2.31,sunny,HIGH,medium,-5.0,21,4,23.6
2886,18.87,sunny,HIGH,low,1.3,17,0,79.5
2887,10.63,sunny,HIGH,high,9.2,7,2,52.2
2888,8.78,sunny,low,low,5.2,10,2,10.2
2889,16.41,sunny,medium,medium,4.8,9,0,47.1
2890,16.88,Sunny,HIGH,medium,9.7,3,6,60.8
2891,7.31,RAIN,low,high,9.9,3,2,40.0
2892,14.18,sunny,HIGH,low,6.7,3,0,45.6
2893,15.65,sunny,high,medium,1.7,11,3,66.0
2894,13.44,sunny,high,low,5.3,7,0,57.0
2895,3.88,sunny,low,medium,5.5,12,3,10.1
2896,17.64,rain,medium,high,5.4,7,6,85.2
2897,11.24,rain,high,low,5.9,20,4,49.5
2898,6.37,snow,high,low,0.7,2,4,57.8
2899,9.08,sunny,medium,high,7.3,11,2,38.9
2900,1.71,snow,high,medium,7.3,17,5,42.3
2901,3.43,Sunny,HIGH,medium,1.6,14,5,40.4
2902,15.55,snow,medium,low,5.9,13,0,66.7
2903,1.0,RAIN,high,high,5.9,8,6,42.2
2904,8.91,rain,medium,low,7.0,4,3,28.9
2905,10.93,rain,HIGH,low,1.3,14,4,51.6
2906,2.04,sunny,high,medium,6.5,7,6,12.2
2907,19.49,sunny,low,medium,3.2,22,4,56.4
2908,5.3,Sunny,high,medium,5.3,2,4,39.1
2909,6.78,,high,medium,7.8,11,2,34.6
2910,6.77,RAIN,HIGH,medium,7.2,4,4,42.3
2911,5.38,,low,high,1.6,8,5,30.2
2912,1.03,sunny,low,low,6.1,19,1,5.0
2913,14.86,Sunny,low,high,9.7,2,2,51.8
2914,19.37,Sunny,HIGH,low,2.0,22,0,71.8
2915,5.26,Sunny,HIGH,medium,8.6,7,1,34.4
2916,13.6,rain,HIGH,high,7.2,20,2,67.3
2917,15.1,snow,HIGH,low,7.9,12,6,69.1
2918,17.12,snow,HIGH,medium,3.2,7,2,95.4
2919,9.03,sunny,low,medium,3.2,4,3,35.0
2920,6.76,rain,medium,high,9.1,6,1,41.2
2921,7.18,Sunny,HIGH,high,3.9,4,1,44.1
2922,14.54,sunny,medium,high,1.1,8,5,66.2
2923,16.52,rain,high,medium,6.2,4,1,69.6
2924,4.45,RAIN,high,low,1.7,7,4,42.2
2925,8.05,rain,HIGH,low,8.1,11,5,47.0
2926,18.14,sunny,high,high,6.6,3,6,73.6
2927,16.33,snow,medium,low,8.8,8,4,76.4
2928,19.71,Sunny,high,medium,8.0,21,5,66.5
2929,15.33,RAIN,high,low,1.6,21,0,68.1
2930,8.47,rain,medium,medium,4.1,13,6,41.4
2931,12.22,sunny,high,high,7.9,18,5,56.7
2932,13.56,sunny,HIGH,low,4.5,12,0,57.4
2933,2.49,Sunny,medium,medium,9.7,2,5,10.0
2934,11.35,sunny,medium,high,7.5,3,0,40.9
2935,14.48,sunny,low,high,0.6,0,4,58.3
2936,4.18,Sunny,low,high,8.9,21,6,20.2
2937,15.83,RAIN,,high,1.5,0,6,78.3
2938,12.09,snow,,low,1.8,10,5,65.2
2939,19.09,snow,low,medium,7.5,15,3,75.7
2940,1.81,rain,HIGH,low,8.7,3,5,24.0
2941,6.04,RAIN,high,medium,5.6,6,0,42.7
2942,12.43,rain,high,high,3.2,11,6,70.2
2943,6.63,snow,high,low,,5,2,44.6
2944,14.57,Sunny,medium,high,3.8,23,4,67.0
2945,15.42,sunny,,medium,3.6,19,3,56.4
2946,2.95,snow,low,high,2.8,8,2,41.8
2947,10.76,RAIN,HIGH,low,6.3,7,2,51.8
2948,10.67,snow,HIGH,low,9.1,13,4,51.2
2949,8.02,RAIN,high,medium,3.4,14,5,56.5
2950,18.73,RAIN,low,medium,2.3,20,1,63.7
2951,16.72,RAIN,HIGH,low,8.5,21,3,62.1
2952,14.25,rain,low,low,7.5,4,5,48.6
2953,14.57,Sunny,medium,low,9.3,14,4,31.0
2954,9.77,snow,high,low,2.1,5,1,65.9
2955,18.5,Sunny,low,medium,1.9,0,4,65.8
2956,14.2,sunny,medium,low,5.6,19,4,46.2
2957,14.85,snow,medium,medium,6.3,8,2,70.9
2958,17.37,Sunny,medium,low,5.1,3,6,46.8
2959,6.21,Sunny,HIGH,low,6.2,1,5,21.2
2960,16.33,,HIGH,high,2.2,5,4,73.8
2961,4.71,RAIN,high,high,5.1,1,5,32.7
2962,7.56,snow,high,low,6.8,2,1,49.6
2963,7.38,snow,medium,medium,4.6,6,2,48.0
2964,19.59,sunny,high,low,7.0,19,1,65.7
2965,17.27,RAIN,HIGH,high,4.8,16,1,84.8
2966,14.32,snow,high,low,3.7,8,2,74.4
2967,14.81,snow,low,high,3.4,21,5,75.7
2968,11.68,snow,HIGH,low,4.4,8,1,57.5
2969,18.99,RAIN,medium,low,0.7,18,0,72.5
2970,10.43,sunny,medium,medium,6.9,4,5,34.9
2971,8.23,snow,high,high,8.5,5,6,55.9
2972,4.1,Sunny,HIGH,high,3.9,17,6,42.1
2973,15.94,RAIN,medium,high,0.9,0,4,75.2
2974,14.95,rain,medium,medium,9.9,16,2,58.1
2975,8.3,sunny,HIGH,low,3.0,13,6,36.1
2976,1.48,Sunny,HIGH,medium,1.7,14,2,15.5
2977,16.94,snow,medium,low,4.0,4,5,72.3
2978,1.22,rain,high,medium,7.5,16,0,29.1
2979,14.37,sunny,high,medium,3.3,20,0,67.0
2980,19.43,RAIN,high,high,6.0,20,0,95.7
2981,9.32,rain,low,medium,4.4,22,0,45.7
2982,5.46,rain,HIGH,low,1.6,22,3,43.1
2983,14.39,Sunny,medium,medium,3.6,10,2,48.4
2984,16.53,sunny,low,medium,7.4,9,1,45.4
2985,11.38,Sunny,high,low,6.3,16,2,46.5
2986,19.37,Sunny,low,high,1.6,0,6,69.2
2987,1.98,snow,medium,low,2.1,4,2,31.1
2988,10.59,RAIN,medium,low,6.6,15,2,47.4
2989,14.65,rain,HIGH,low,8.2,6,0,56.0
2990,17.39,sunny,high,medium,3.8,11,0,73.3
2991,4.41,RAIN,high,medium,,7,3,33.8
2992,16.2,RAIN,low,low,2.1,17,5,59.0
2993,11.5,sunny,high,low,3.5,0,2,53.4
2994,8.53,RAIN,low,high,0.7,19,4,56.4
2995,3.5,snow,medium,medium,7.8,11,5,31.2
2996,17.44,RAIN,medium,medium,4.3,3,6,77.0
2997,3.99,snow,medium,medium,8.3,11,3,32.9
2998,6.89,rain,medium,medium,7.2,21,6,45.5
2999,6.51,rain,medium,low,8.4,0,0,24.6
3000,17.56,Sunny,low,low,3.2,0,6,52.2
3001,13.78,snow,medium,high,2.3,2,2,81.7
3002,16.14,rain,low,medium,9.7,20,0,48.3
3003,5.76,RAIN,medium,medium,7.3,11,5,37.4
3004,12.87,sunny,low,low,8.4,21,1,29.6
3005,11.86,sunny,low,high,0.6,20,0,47.1
3006,16.82,snow,low,low,3.9,12,0,62.0
3007,18.22,Sunny,high,medium,7.6,12,3,64.5
3008,1.23,RAIN,low,medium,1.2,20,1,18.9
3009,13.81,snow,low,high,5.9,8,5,64.0
3010,1.98,sunny,medium,low,4.6,17,4,5.0
3011,11.43,snow,low,medium,0.7,0,4,51.8
3012,6.47,RAIN,low,medium,2.7,5,4,29.1
3013,6.83,rain,HIGH,high,3.2,22,2,63.5
3014,7.71,RAIN,high,medium,1.6,23,4,59.2
3015,12.8,rain,HIGH,medium,6.5,4,2,64.0
3016,7.35,rain,medium,low,2.8,3,5,44.2
3017,14.92,rain,high,high,3.1,5,5,87.1
3018,8.69,snow,high,high,9.0,2,0,67.4
3019,2.3,sunny,HIGH,high,4.9,16,4,33.7
3020,15.89,snow,high,low,4.2,10,3,78.1
3021,6.43,sunny,HIGH,high,7.4,3,5,34.1
3022,9.22,RAIN,low,medium,9.1,19,1,32.4
3023,14.02,Sunny,HIGH,high,0.7,0,1,58.2
3024,7.32,RAIN,high,medium,4.8,3,5,42.7
3025,2.08,snow,high,high,6.3,22,0,55.6
3026,8.1,snow,medium,high,3.5,2,6,60.5
3027,18.94,sunny,medium,low,7.8,9,1,47.1
3028,13.19,snow,medium,high,9.7,21,1,70.6
3029,13.76,rain,medium,high,9.5,0,6,62.9
3030,13.01,snow,high,low,3.0,3,0,78.1
3031,4.78,sunny,medium,medium,2.7,18,6,32.0
3032,8.95,sunny,HIGH,high,9.6,0,0,49.2
3033,15.27,rain,low,high,4.9,15,0,57.4
3034,2.93,sunny,high,medium,2.5,18,3,39.2
3035,6.28,Sunny,medium,low,7.2,19,0,22.0
3036,6.25,RAIN,high,high,3.2,20,0,59.2
3037,9.21,snow,medium,low,3.0,21,0,48.9
3038,19.63,Sunny,high,medium,8.9,17,5,62.5
3039,2.28,snow,medium,medium,2.0,1,4,33.6
3040,10.86,Sunny,low,low,1.1,5,5,31.0
3041,4.41,snow,medium,medium,3.1,20,4,39.5
3042,19.44,rain,HIGH,medium,6.3,0,3,88.2
3043,3.15,sunny,high,high,1.7,18,3,37.0
3044,8.67,sunny,high,low,5.0,4,1,31.1
3045,15.02,rain,HIGH,high,6.5,1,6,79.8
3046,14.39,Sunny,HIGH,low,8.6,0,6,43.7
3047,9.03,RAIN,low,high,2.7,15,5,40.7
3048,7.58,Sunny,high,medium,8.3,20,4,37.3
3049,8.55,sunny,low,low,2.7,1,3,22.0
3050,6.02,RAIN,high,low,6.9,3,3,35.6
3051,4.9,snow,high,low,4.6,2,5,51.1
3052,10.18,RAIN,low,low,1.6,22,1,39.9
3053,6.1,Sunny,high,medium,7.3,16,0,34.4
3054,6.46,rain,high,medium,2.6,14,2,48.3
3055,13.48,snow,low,medium,2.2,9,1,68.8
3056,19.4,Sunny,medium,high,3.9,11,6,62.9
3057,12.47,snow,low,medium,6.7,11,6,52.5
3058,2.46,RAIN,high,high,2.7,19,2,42.2
3059,2.44,sunny,HIGH,high,2.2,6,1,32.3
3060,19.08,Sunny,medium,medium,0.6,9,1,64.6
3061,6.65,rain,HIGH,medium,5.0,4,0,45.5
3062,2.75,RAIN,medium,medium,4.6,19,3,24.1
3063,12.38,Sunny,HIGH,high,2.7,19,4,63.5
3064,12.85,rain,medium,low,1.0,10,1,53.4
3065,13.32,Sunny,low,medium,4.6,1,0,43.9
3066,6.08,RAIN,medium,high,8.0,23,6,34.8
3067,1.29,Sunny,medium,high,7.3,15,2,12.5
3068,19.34,snow,medium,medium,8.7,11,5,84.2
3069,5.77,RAIN,high,high,0.6,15,6,51.9
3070,13.84,Sunny,HIGH,medium,9.7,3,5,47.8
3071,14.43,sunny,low,high,3.7,1,3,50.0
3072,12.59,Sunny,,low,9.9,9,5,39.9
3073,6.95,snow,,high,2.9,12,1,72.4
3074,6.15,rain,low,medium,5.0,22,2,32.1
3075,12.36,rain,high,low,3.9,18,1,53.0
3076,17.46,rain,medium,medium,3.9,14,5,78.8
3077,18.99,sunny,high,high,8.5,22,4,73.3
3078,3.01,snow,high,low,7.6,0,6,26.8
3079,3.94,RAIN,medium,low,9.9,16,5,24.1
3080,18.95,rain,HIGH,high,6.3,19,4,85.1
3081,14.99,snow,medium,low,4.9,3,5,63.5
3082,17.78,Sunny,low,low,1.4,19,3,51.0
3083,4.85,sunny,medium,low,10.0,8,2,10.5
3084,12.16,snow,HIGH,medium,5.7,5,4,62.5
3085,14.32,snow,high,medium,7.2,2,0,74.8
3086,13.92,RAIN,high,low,4.4,21,3,59.6
3087,8.75,snow,medium,high,5.7,1,1,66.5
3088,1.29,RAIN,low,high,9.5,17,5,14.8
3089,12.08,sunny,HIGH,medium,2.1,22,2,54.1
3090,5.81,sunny,high,high,3.3,18,2,47.3
3091,9.55,Sunny,medium,low,,6,5,33.9
3092,19.19,RAIN,low,high,8.0,2,0,69.3
3093,8.58,RAIN,low,medium,1.1,17,6,43.6
3094,16.96,rain,high,medium,1.3,19,6,77.6
3095,4.58,rain,high,low,3.3,19,4,38.8
3096,13.78,Sunny,HIGH,medium,,18,5,56.1
3097,19.56,sunny,low,medium,4.4,8,2,54.1
3098,2.94,rain,HIGH,medium,0.9,15,0,29.0
3099,1.16,snow,low,high,9.6,5,6,25.1
3100,9.24,sunny,low,medium,9.6,20,0,19.3
3101,2.76,snow,medium,high,3.2,11,6,43.2
3102,15.22,RAIN,high,medium,7.4,5,1,68.5
3103,18.38,,low,medium,6.0,12,0,45.4
3104,9.25,Sunny,HIGH,high,2.8,23,3,50.7
3105,5.92,RAIN,high,high,3.0,4,2,53.5
3106,9.25,RAIN,HIGH,low,5.2,12,3,47.0
3107,14.75,snow,high,low,4.5,19,6,77.8
3108,1.17,RAIN,high,high,3.3,6,0,44.4
3109,12.2,rain,low,medium,8.2,11,0,42.6
3110,12.65,sunny,medium,low,5.1,20,3,36.1
3111,260.1536082234737,rain,low,high,6.7,3,1,53.9
3112,5.6,snow,high,high,,4,0,67.3
3113,14.57,snow,low,medium,5.6,15,3,62.1
3114,2.74,sunny,low,high,3.5,3,3,14.2
3115,4.79,RAIN,high,low,5.5,7,2,24.5
3116,17.67,Sunny,high,medium,7.9,15,1,60.8
3117,15.04,snow,low,high,7.8,7,4,69.4
3118,1.26,sunny,low,high,3.9,16,3,19.0
3119,5.72,Sunny,low,medium,7.1,13,2,15.9
3120,5.07,RAIN,,medium,9.4,11,4,36.5
3121,6.15,snow,low,medium,6.4,2,2,37.8
3122,5.7,sunny,HIGH,low,1.9,19,2,36.2
3123,2.19,sunny,medium,low,7.0,1,5,5.7
3124,9.72,sunny,HIGH,high,1.5,12,1,57.3
3125,14.92,snow,low,high,8.8,20,0,66.2
3126,12.53,Sunny,medium,medium,5.4,10,1,36.8
3127,13.78,sunny,HIGH,high,4.2,23,4,74.6
3128,2.54,RAIN,HIGH,high,1.0,11,5,50.4
3129,19.08,sunny,high,medium,4.1,17,1,73.4
3130,16.93,Sunny,medium,low,9.1,8,0,53.8
3131,16.3,snow,high,low,0.7,6,1,83.0
3132,16.64,sunny,medium,low,5.0,5,1,44.8
3133,18.72,sunny,HIGH,high,9.3,23,1,81.1
3134,11.34,RAIN,high,medium,4.3,13,3,54.5
3135,4.81,RAIN,low,low,4.6,17,3,16.9
3136,12.72,sunny,HIGH,high,6.0,13,1,55.0
3137,15.11,sunny,medium,medium,,4,0,47.5
3138,15.02,RAIN,medium,low,2.1,19,6,58.5
3139,10.91,Sunny,high,low,0.7,23,0,48.6
3140,2.3,rain,high,medium,6.3,12,0,25.8
3141,8.05,rain,medium,high,9.2,0,0,52.2
3142,18.49,sunny,HIGH,high,1.5,11,5,73.2
3143,12.1,RAIN,high,low,2.5,18,5,58.9
3144,11.23,snow,low,medium,4.0,9,2,56.7
3145,6.11,snow,medium,high,8.2,23,1,49.8
3146,8.0,rain,low,medium,3.1,4,6,41.7
3147,18.01,Sunny,medium,medium,8.9,19,6,40.1
3148,13.66,rain,low,low,1.0,5,1,45.9
3149,15.96,sunny,HIGH,medium,9.4,11,2,59.4
3150,9.63,Sunny,medium,medium,5.8,20,0,42.4
3151,12.97,snow,,medium,6.8,2,4,69.8
3152,5.72,RAIN,high,high,4.0,13,4,51.4
3153,14.4,RAIN,medium,low,,20,2,52.3
3154,9.12,sunny,HIGH,low,2.1,3,6,33.8
3155,9.41,rain,low,medium,1.0,16,4,44.1
3156,13.34,sunny,HIGH,medium,4.3,16,3,56.3
3157,18.79,RAIN,medium,high,8.6,13,1,73.0
3158,2.22,snow,HIGH,low,7.7,14,4,34.9
3159,16.67,RAIN,low,high,5.4,6,5,79.3
3160,6.56,Sunny,low,low,5.9,3,5,13.5
3161,9.43,RAIN,low,high,1.7,16,6,40.1
3162,1.42,RAIN,high,medium,8.5,5,6,21.7
3163,6.72,Sunny,medium,high,8.0,10,3,38.0
3164,10.55,rain,low,medium,6.7,11,1,39.4
3165,2.07,RAIN,high,low,4.9,14,3,19.5
3166,10.33,sunny,low,low,9.7,11,1,23.1
3167,18.62,RAIN,HIGH,medium,8.9,10,1,74.0
3168,3.0,sunny,medium,low,6.6,16,6,6.3
3169,15.52,Sunny,HIGH,high,4.0,7,4,66.1
3170,8.78,RAIN,high,medium,6.4,11,5,48.6
3171,13.45,Sunny,,low,6.0,8,2,48.0
3172,5.94,Sunny,HIGH,high,4.2,10,4,42.3
3173,4.03,rain,,high,3.4,2,6,34.9
3174,4.05,RAIN,,low,4.4,6,0,32.9
3175,2.34,sunny,low,low,6.0,20,3,5.0
3176,4.53,sunny,low,high,4.6,2,6,31.5
3177,13.62,RAIN,medium,medium,3.0,20,0,58.5
3178,17.75,rain,high,low,,15,1,62.3
3179,16.47,rain,high,low,5.5,9,6,56.7
3180,14.02,rain,high,medium,1.1,22,4,73.1
3181,3.1,sunny,low,medium,4.0,6,0,6.9
3182,6.49,Sunny,high,low,8.9,23,0,26.7
3183,6.89,rain,low,medium,7.7,19,5,28.7
3184,5.75,sunny,medium,high,3.6,14,6,52.6
3185,10.79,sunny,high,high,9.4,20,0,44.8
3186,11.18,Sunny,low,high,1.2,20,5,52.4
3187,7.78,RAIN,high,low,9.6,9,5,31.4
3188,7.72,RAIN,high,medium,2.8,11,1,56.0
3189,16.74,rain,medium,high,0.6,17,5,86.6
3190,16.0,rain,HIGH,medium,4.6,22,1,72.8
3191,6.85,Sunny,high,high,3.9,22,5,42.2
3192,18.36,,medium,medium,5.6,8,5,69.6
3193,19.1,Sunny,high,high,,8,6,73.9
3194,7.21,sunny,high,high,8.5,3,6,49.5
3195,7.73,rain,high,high,4.3,4,1,57.0
3196,10.61,sunny,high,high,4.6,6,0,58.5
3197,18.88,snow,HIGH,high,1.9,6,3,106.7
3198,17.65,Sunny,HIGH,high,1.0,10,4,86.2
3199,2.95,snow,high,high,6.6,9,4,48.7
3200,8.46,rain,high,high,1.1,10,1,67.9
3201,11.51,sunny,medium,high,7.5,23,0,52.0
3202,10.56,rain,medium,medium,5.6,23,6,46.2
3203,4.68,snow,low,medium,2.4,17,6,31.5
3204,17.32,rain,HIGH,low,5.6,11,3,77.1
3205,13.86,,high,high,2.2,15,2,79.8
3206,16.92,snow,HIGH,medium,4.7,3,6,87.1
3207,17.32,rain,medium,medium,8.1,16,1,67.6
3208,15.22,sunny,HIGH,medium,4.9,16,2,68.9
3209,9.35,rain,HIGH,medium,1.9,20,4,56.7
3210,12.6,sunny,high,medium,7.4,22,4,57.2
3211,4.05,RAIN,,medium,2.3,4,6,41.8
3212,13.8,rain,medium,low,7.5,12,3,50.5
3213,4.41,RAIN,high,medium,5.1,2,3,36.1
3214,14.19,snow,medium,low,4.8,22,2,60.5
3215,5.36,sunny,medium,low,8.6,16,6,16.2
3216,3.23,snow,low,high,7.2,10,4,26.2
3217,4.14,sunny,,high,0.8,0,3,30.0
3218,1.04,RAIN,low,high,3.3,17,3,26.1
3219,14.66,Sunny,HIGH,medium,8.8,16,4,63.7
3220,14.92,rain,low,high,0.7,8,6,74.0
3221,10.78,RAIN,high,medium,5.7,19,4,58.4
3222,4.07,sunny,high,medium,7.4,6,0,19.0
3223,2.59,sunny,low,high,6.4,4,5,12.2
3224,1.36,sunny,HIGH,high,7.7,15,3,23.7
3225,4.15,sunny,medium,low,7.4,6,2,16.0
3226,17.93,rain,HIGH,low,7.1,12,6,74.3
3227,5.59,snow,HIGH,medium,8.3,12,1,44.8
3228,7.73,Sunny,medium,medium,6.6,14,1,29.3
3229,3.0,rain,medium,high,4.3,22,4,31.5
3230,5.22,sunny,medium,high,5.0,16,5,26.4
3231,10.87,rain,high,low,7.3,16,6,52.0
3232,12.55,RAIN,medium,high,8.8,18,6,56.4
3233,5.66,sunny,medium,medium,3.1,9,2,19.4
3234,2.1,Sunny,HIGH,high,3.7,1,0,36.0
3235,8.43,sunny,HIGH,low,9.3,13,3,29.9
3236,5.45,Sunny,low,medium,6.0,22,0,14.3
3237,5.17,Sunny,HIGH,low,2.2,2,6,35.3
3238,19.24,snow,medium,low,6.8,6,2,79.9
3239,12.71,snow,high,medium,9.9,10,0,68.9
3240,11.58,rain,HIGH,low,8.3,16,4,41.2
3241,8.9,rain,HIGH,high,7.6,14,1,63.1
3242,9.15,Sunny,medium,high,2.5,18,4,42.0
3243,11.28,sunny,HIGH,low,8.8,10,3,37.5
3244,14.23,RAIN,HIGH,high,5.5,14,4,74.6
3245,14.34,RAIN,medium,low,8.9,14,2,40.9
3246,4.26,sunny,HIGH,high,3.6,5,6,40.7
3247,10.5,sunny,high,low,1.1,14,2,41.0
3248,8.83,,low,high,5.0,8,3,57.5
3249,17.54,RAIN,HIGH,medium,3.1,4,3,76.2
3250,13.0,Sunny,high,medium,7.3,18,1,50.0
3251,11.12,rain,HIGH,high,9.6,23,0,63.7
3252,3.19,snow,low,low,7.1,4,1,21.7
3253,12.51,RAIN,medium,high,8.9,21,4,60.0
3254,3.23,sunny,low,low,4.8,12,0,7.4
3255,7.41,RAIN,HIGH,high,7.8,17,3,59.5
3256,3.71,Sunny,low,high,8.5,19,2,15.9
3257,14.15,snow,low,medium,7.3,16,4,66.7
3258,4.92,sunny,medium,low,5.3,14,1,11.8
3259,8.45,Sunny,HIGH,low,6.4,13,6,36.6
3260,18.02,rain,low,low,7.2,15,5,61.0
3261,4.88,snow,low,low,2.9,3,5,36.8
3262,10.65,Sunny,medium,low,8.2,16,3,19.8
3263,8.97,Sunny,high,medium,9.5,19,6,21.8
3264,1.34,sunny,HIGH,high,4.9,13,0,30.9
3265,16.06,rain,high,low,7.2,17,5,64.6
3266,2.31,Sunny,high,low,7.5,5,0,14.3
3267,10.01,snow,medium,high,6.8,21,2,62.3
3268,11.65,Sunny,medium,medium,5.7,7,3,38.4
3269,12.94,RAIN,HIGH,medium,8.9,8,3,63.0
3270,14.08,snow,high,medium,4.8,23,4,80.2
3271,5.81,snow,low,high,1.1,0,4,50.6
3272,1.19,Sunny,high,high,8.5,12,6,23.5
3273,14.75,sunny,medium,medium,6.9,2,0,51.1
3274,11.18,snow,low,medium,8.6,5,5,47.2
3275,16.89,RAIN,low,high,1.8,16,5,68.0
3276,16.61,sunny,medium,medium,0.8,7,1,55.2
3277,17.02,sunny,low,low,9.4,5,0,37.2
3278,10.22,sunny,high,high,1.9,15,5,65.8
3279,7.34,snow,medium,medium,8.2,0,4,44.8
3280,16.04,sunny,HIGH,low,8.3,9,4,49.8
3281,9.57,Sunny,medium,high,,17,4,41.1
3282,4.49,sunny,HIGH,high,1.7,21,0,36.2
3283,17.24,RAIN,HIGH,low,6.8,13,3,67.6
3284,17.77,rain,medium,high,8.9,23,6,70.6
3285,9.86,RAIN,medium,medium,4.5,4,1,39.6
3286,2.44,snow,HIGH,high,4.4,16,1,57.5
3287,8.37,sunny,HIGH,medium,4.7,13,4,39.6
3288,16.27,sunny,low,low,1.3,17,2,47.1
3289,18.13,Sunny,medium,low,9.0,3,0,52.1
3290,4.87,sunny,medium,high,8.8,19,5,25.8
3291,2.27,RAIN,low,low,10.0,22,5,5.2
3292,17.67,snow,medium,low,6.1,1,6,69.5
3293,8.4,rain,low,high,7.6,6,3,44.7
3294,11.29,sunny,low,medium,2.4,6,4,38.0
3295,19.39,rain,medium,high,6.8,6,2,80.7
3296,2.26,sunny,high,high,6.7,12,4,34.3
3297,13.32,snow,HIGH,medium,9.1,18,2,76.9
3298,2.41,RAIN,medium,medium,8.4,21,1,20.5
3299,8.13,snow,high,medium,9.4,5,2,55.6
3300,16.27,rain,low,high,8.8,19,1,66.5
3301,9.24,sunny,high,medium,8.8,16,1,37.9
3302,19.95,rain,medium,low,1.1,17,0,72.3
3303,11.62,RAIN,medium,medium,8.5,23,6,46.3
3304,7.1,snow,high,low,6.3,0,2,43.6
3305,5.18,rain,medium,medium,4.1,22,3,44.4
3306,7.66,rain,HIGH,low,1.0,12,3,44.8
3307,8.08,RAIN,high,low,6.9,18,2,43.3
3308,2.31,sunny,low,low,3.6,15,6,5.0
3309,8.02,rain,high,low,4.9,9,0,46.6
3310,9.82,RAIN,high,low,7.0,12,3,44.1
3311,14.73,sunny,high,medium,9.2,9,4,56.2
3312,13.48,sunny,high,high,8.3,13,3,56.2
3313,14.47,snow,low,high,4.8,8,0,78.7
3314,1.16,RAIN,,high,4.2,20,1,26.7
3315,5.14,sunny,low,high,2.8,10,1,20.0
3316,13.57,snow,high,high,4.0,2,1,86.0
3317,10.2,Sunny,HIGH,low,1.6,7,0,36.7
3318,1.1,RAIN,HIGH,medium,9.7,11,1,19.7
3319,16.29,Sunny,low,low,6.0,2,6,46.3
3320,15.68,sunny,HIGH,medium,1.7,6,1,54.6
3321,11.42,RAIN,HIGH,medium,3.9,13,0,66.8
3322,2.26,snow,HIGH,medium,5.7,6,4,43.8
3323,15.56,sunny,HIGH,medium,5.6,6,3,61.6
3324,12.09,RAIN,HIGH,high,0.8,13,0,79.7
3325,15.86,RAIN,medium,medium,9.5,11,0,71.7
3326,15.28,Sunny,low,medium,3.1,0,2,42.5
3327,16.26,sunny,high,high,0.7,4,1,86.4
3328,10.84,snow,HIGH,low,,10,5,70.9
3329,3.67,snow,medium,low,6.0,0,4,25.3
3330,13.75,sunny,high,low,1.8,22,5,56.7
3331,12.79,sunny,medium,low,0.9,12,2,36.7
3332,15.1,rain,HIGH,medium,4.1,23,4,69.9
3333,4.23,Sunny,HIGH,high,6.4,22,1,24.5
3334,4.7,sunny,HIGH,high,1.6,16,5,35.4
3335,17.92,sunny,HIGH,low,3.5,2,1,66.5
3336,15.25,rain,high,high,4.5,9,1,82.7
3337,18.26,rain,high,medium,2.0,18,3,86.7
3338,15.42,RAIN,medium,low,5.3,6,4,58.1
3339,12.35,snow,low,medium,1.3,19,4,63.1
3340,13.43,Sunny,HIGH,medium,0.9,2,2,64.6
3341,17.89,RAIN,medium,medium,5.4,21,0,74.6
3342,12.0,sunny,medium,medium,2.9,11,1,45.8
3343,13.02,rain,medium,medium,1.4,21,1,57.2
3344,3.97,snow,HIGH,low,4.5,9,5,40.8
3345,10.0,,HIGH,medium,9.2,20,2,46.8
3346,14.61,snow,medium,low,7.4,11,4,64.2
3347,6.15,rain,HIGH,high,8.2,14,3,40.6
3348,4.84,RAIN,medium,medium,8.8,5,4,25.2
3349,6.96,RAIN,high,medium,9.7,18,3,44.1
3350,5.59,snow,HIGH,high,7.8,4,3,52.3
3351,5.08,rain,high,low,6.3,19,4,25.7
3352,9.07,sunny,,medium,4.0,1,5,18.0
3353,18.25,RAIN,HIGH,high,2.2,20,1,90.7
3354,10.63,sunny,low,high,7.0,18,3,32.8
3355,4.57,rain,medium,medium,10.0,18,5,28.1
3356,2.46,RAIN,HIGH,low,4.9,3,2,18.7
3357,14.23,RAIN,HIGH,low,7.4,19,2,61.5
3358,8.27,sunny,HIGH,medium,5.2,4,3,34.1
3359,16.61,Sunny,low,high,4.6,6,1,51.7
3360,13.53,sunny,low,medium,4.4,3,3,36.3
3361,16.13,sunny,medium,low,5.3,10,2,52.4
3362,6.17,Sunny,high,high,4.0,22,6,37.7
3363,14.15,rain,high,medium,7.6,2,2,71.0
3364,6.02,rain,low,high,8.8,4,4,33.5
3365,18.84,RAIN,HIGH,low,8.9,19,6,68.2
3366,13.09,snow,high,low,2.7,14,1,65.8
3367,7.17,snow,high,low,9.0,20,4,55.2
3368,6.12,RAIN,low,medium,3.7,17,6,28.0
3369,4.63,snow,medium,high,3.4,15,5,46.9
3370,14.2,sunny,low,medium,7.4,15,6,48.0
3371,5.16,sunny,low,medium,3.4,9,5,26.5
3372,12.31,Sunny,HIGH,medium,1.0,0,5,57.0
3373,6.03,Sunny,low,medium,4.0,22,6,26.2
3374,13.58,RAIN,HIGH,high,7.4,10,6,68.8
3375,16.48,RAIN,medium,high,3.6,16,0,86.4
3376,15.78,RAIN,HIGH,medium,6.5,23,6,65.0
3377,15.46,sunny,medium,medium,6.8,14,5,45.6
3378,4.57,snow,medium,low,7.5,6,3,36.3
3379,2.68,RAIN,medium,low,,5,4,10.8
3380,14.28,RAIN,low,high,4.6,14,5,69.2
3381,8.0,sunny,HIGH,low,2.1,14,1,34.1
3382,9.21,sunny,high,high,3.5,6,6,56.7
3383,1.59,sunny,low,high,4.6,2,5,10.8
3384,5.93,snow,medium,high,7.3,13,3,48.7
3385,1.64,RAIN,high,low,0.6,8,6,22.8
3386,17.7,rain,low,low,3.5,2,3,58.7
3387,5.62,rain,high,high,7.9,5,3,43.0
3388,11.59,RAIN,medium,high,6.9,19,3,66.9
3389,1.74,RAIN,high,medium,7.5,8,3,26.6
3390,13.67,RAIN,high,high,,0,1,65.2
3391,7.14,RAIN,medium,high,7.9,8,0,45.4
3392,18.06,snow,high,medium,7.0,11,2,81.7
3393,17.87,rain,low,high,4.7,3,0,77.4
3394,7.18,Sunny,high,high,9.8,15,2,37.0
3395,18.12,rain,HIGH,high,5.9,4,4,87.1
3396,19.93,rain,low,medium,2.4,16,6,73.0
3397,16.68,sunny,high,low,3.3,16,3,59.8
3398,17.05,RAIN,HIGH,high,7.1,5,4,82.9
3399,5.73,RAIN,HIGH,medium,9.3,14,4,34.7
3400,11.96,RAIN,HIGH,high,2.2,0,6,67.8
3401,2.28,,high,medium,1.3,12,2,27.5
3402,2.8,snow,medium,high,8.9,15,1,35.7
3403,19.98,snow,HIGH,medium,9.2,1,3,84.5
3404,7.21,Sunny,medium,low,3.1,18,5,26.0
3405,15.22,snow,low,low,4.1,22,6,60.7
3406,16.33,snow,medium,low,6.8,1,6,60.4
3407,17.3,RAIN,medium,high,3.6,20,4,76.4
3408,19.95,rain,medium,medium,8.8,11,0,70.6
3409,5.59,snow,medium,high,1.5,11,3,49.8
3410,1.77,snow,medium,high,0.9,7,1,60.0
3411,8.81,sunny,low,medium,2.5,11,3,30.4
3412,3.47,Sunny,low,high,3.2,23,5,20.5
3413,1.43,sunny,medium,medium,,10,5,26.6
3414,7.85,RAIN,medium,medium,1.1,1,4,46.5
3415,15.89,rain,HIGH,low,7.7,0,0,69.5
3416,11.76,Sunny,low,low,2.1,3,4,33.2
3417,6.94,,high,low,9.2,8,1,25.1
3418,13.43,snow,low,medium,4.0,6,2,58.2
3419,5.41,snow,high,low,6.9,21,5,46.3
3420,1.27,Sunny,HIGH,medium,2.6,9,0,31.9
3421,15.52,snow,medium,high,2.8,19,5,91.1
3422,12.85,sunny,HIGH,low,6.0,13,1,40.3
3423,15.48,sunny,medium,medium,5.8,0,1,60.8
3424,1.74,snow,low,medium,7.8,4,5,18.7
3425,16.91,snow,medium,medium,7.7,12,4,68.8
3426,12.77,RAIN,high,medium,6.9,5,5,57.6
3427,11.7,rain,high,low,4.8,21,4,52.4
3428,12.87,Sunny,,low,9.0,16,5,33.1
3429,17.42,sunny,low,low,6.4,14,4,44.8
3430,12.15,Sunny,high,medium,9.9,6,2,45.3
3431,12.04,RAIN,HIGH,high,8.3,7,3,66.4
3432,19.82,sunny,low,medium,0.9,20,3,62.9
3433,15.38,RAIN,low,high,3.5,1,4,59.0
3434,9.4,RAIN,HIGH,low,5.9,17,4,44.8
3435,14.44,snow,high,medium,7.4,20,6,82.5
3436,8.4,Sunny,high,medium,5.7,22,6,35.3
3437,5.35,Sunny,HIGH,low,8.0,6,2,17.1
3438,12.34,snow,high,medium,3.2,19,3,77.5
3439,18.64,Sunny,HIGH,high,2.2,15,2,77.1
3440,18.65,snow,high,high,1.0,18,6,105.9
3441,7.5,,high,high,5.9,8,6,47.6
3442,11.03,RAIN,HIGH,medium,7.0,11,1,53.9
3443,5.02,RAIN,HIGH,medium,3.6,13,5,39.0
3444,19.92,Sunny,high,high,6.3,6,6,75.2
3445,19.64,rain,HIGH,medium,1.0,1,3,85.8
3446,13.34,RAIN,high,high,1.4,16,4,81.2
3447,16.28,snow,medium,low,7.2,10,0,69.4
3448,14.59,rain,low,high,4.0,17,6,64.3
3449,12.27,rain,low,low,6.9,11,1,35.5
3450,2.01,RAIN,high,low,8.4,2,5,21.3
3451,9.64,RAIN,low,low,8.6,20,0,24.5
3452,13.82,RAIN,high,high,2.1,13,2,79.8
3453,13.87,snow,HIGH,high,5.1,14,5,89.2
3454,8.09,rain,medium,medium,7.5,18,2,34.9
3455,18.89,Sunny,low,medium,7.9,9,2,50.2
3456,4.18,snow,low,low,8.0,8,4,20.5
3457,10.51,sunny,HIGH,high,2.7,9,2,63.7
3458,14.13,RAIN,medium,medium,2.3,19,6,75.6
3459,14.25,rain,medium,medium,6.1,22,0,60.7
3460,13.32,snow,medium,medium,7.5,3,1,62.6
3461,6.23,sunny,HIGH,high,3.5,18,6,39.6
3462,3.97,snow,low,medium,1.5,9,4,31.9
3463,13.08,snow,low,low,,16,1,52.6
3464,12.39,Sunny,medium,high,3.3,11,2,49.3
3465,4.41,Sunny,HIGH,medium,2.1,0,3,37.8
3466,14.4,snow,HIGH,medium,1.9,10,5,79.9
3467,9.65,sunny,HIGH,high,3.5,12,4,61.9
3468,13.69,rain,medium,medium,6.1,0,2,53.7
3469,16.91,rain,HIGH,medium,3.9,0,4,83.7
3470,4.22,RAIN,medium,low,0.7,20,3,30.2
3471,1.36,RAIN,medium,high,1.4,15,0,36.6
3472,15.8,rain,medium,medium,3.3,6,6,65.1
3473,12.58,snow,high,high,6.8,22,0,76.3
3474,14.29,snow,medium,high,1.4,9,5,86.2
3475,16.92,Sunny,HIGH,low,5.8,15,0,67.8
3476,16.25,Sunny,high,low,1.6,0,6,56.8
3477,19.26,RAIN,low,high,,21,6,82.2
3478,11.18,rain,low,low,2.1,8,3,43.4
3479,10.28,snow,HIGH,low,1.1,5,1,65.3
3480,8.64,rain,,medium,6.9,14,3,56.8
3481,3.92,sunny,HIGH,low,,3,3,17.0
3482,11.88,rain,HIGH,low,8.4,14,2,56.1
3483,6.26,sunny,high,medium,1.4,9,0,37.7
3484,18.5,Sunny,HIGH,medium,1.9,15,4,63.5
3485,12.08,Sunny,medium,high,3.4,12,6,44.9
3486,12.26,,low,low,7.8,18,5,37.6
3487,7.74,rain,HIGH,medium,3.4,19,1,57.2
3488,1.99,rain,medium,low,4.4,3,6,21.1
3489,1.6,sunny,HIGH,high,3.4,19,4,31.2
3490,9.04,Sunny,medium,low,1.3,21,2,24.8
3491,2.61,sunny,high,low,9.4,15,2,5.5
3492,12.53,Sunny,low,low,5.7,10,1,32.9
3493,17.74,sunny,low,medium,8.0,14,4,50.4
3494,17.78,Sunny,high,medium,6.8,10,1,72.0
3495,13.52,sunny,,high,5.4,22,1,52.4
3496,5.01,Sunny,HIGH,low,1.4,10,0,24.5
3497,17.4,sunny,medium,high,6.6,2,4,62.9
3498,17.84,rain,low,high,2.0,23,0,76.1
3499,4.74,RAIN,high,medium,4.4,23,6,30.8
3500,15.01,sunny,high,low,6.5,16,0,54.6
3501,6.44,RAIN,medium,low,7.9,4,6,25.6
3502,16.25,rain,medium,high,7.0,12,5,75.1
3503,19.95,rain,high,low,6.9,9,0,80.5
3504,1.57,Sunny,low,medium,1.9,4,3,14.8
3505,18.05,RAIN,HIGH,high,3.8,11,2,98.0
3506,12.83,snow,HIGH,high,0.9,7,2,88.1
3507,19.49,Sunny,medium,medium,7.3,23,3,50.7
3508,9.84,RAIN,high,medium,9.5,11,6,54.4
3509,17.1,sunny,high,medium,3.0,15,6,75.7
3510,2.19,sunny,high,medium,1.3,1,1,25.9
3511,7.37,rain,low,medium,5.0,2,4,23.0
3512,2.27,snow,medium,medium,8.6,17,4,33.7
3513,19.53,sunny,medium,high,5.7,16,4,71.7
3514,16.52,RAIN,medium,low,0.9,1,0,56.8
3515,17.2,RAIN,low,low,9.8,21,4,48.5
3516,18.82,sunny,medium,high,8.4,11,4,66.4
3517,2.62,RAIN,HIGH,low,1.8,16,6,29.4
3518,8.33,RAIN,medium,low,9.3,5,4,26.3
3519,2.35,rain,medium,high,4.8,16,2,36.0
3520,5.01,snow,medium,low,4.0,1,3,42.0
3521,5.36,rain,low,low,4.9,7,5,29.9
3522,130.29778519812183,snow,HIGH,high,8.4,13,6,64.6
3523,6.1,RAIN,HIGH,low,6.8,5,1,41.6
3524,2.92,snow,high,medium,1.1,8,3,50.4
3525,4.18,RAIN,high,high,9.6,0,4,42.9
3526,3.8,RAIN,HIGH,low,1.9,4,1,40.2
3527,19.49,rain,,low,7.6,6,1,64.1
3528,15.43,rain,medium,medium,6.5,8,3,59.6
3529,19.39,Sunny,medium,high,2.3,13,3,71.9
3530,9.36,sunny,low,high,2.1,8,3,34.7
3531,6.29,,,low,8.8,3,6,10.1
3532,16.17,Sunny,low,medium,4.5,19,6,51.0
3533,7.2,snow,HIGH,medium,6.7,14,5,55.3
3534,6.69,RAIN,medium,medium,5.3,3,3,33.8
3535,5.42,RAIN,medium,medium,7.4,2,5,27.6
3536,3.46,RAIN,high,medium,5.1,23,0,41.5
3537,5.87,sunny,HIGH,medium,3.2,20,2,36.6
3538,7.75,snow,medium,high,4.0,22,5,53.5
3539,13.81,snow,low,low,8.7,21,2,51.3
3540,2.19,RAIN,HIGH,low,4.9,13,4,28.8
3541,5.0,Sunny,high,medium,2.5,8,0,38.8
3542,16.37,sunny,,high,9.4,18,1,70.7
3543,3.79,Sunny,low,high,8.1,5,3,20.9
3544,7.51,rain,high,medium,1.0,2,4,55.9
3545,17.43,snow,low,low,10.0,17,1,50.3
3546,3.94,snow,HIGH,medium,7.1,15,6,44.5
3547,2.57,Sunny,high,high,2.0,2,2,34.9
3548,10.21,sunny,low,medium,2.8,1,1,44.5
3549,6.75,snow,HIGH,low,7.1,1,3,50.5
3550,11.7,Sunny,low,low,7.9,22,3,24.2
3551,16.27,sunny,medium,high,2.8,9,5,61.6
3552,3.61,Sunny,HIGH,medium,2.9,14,5,27.6
3553,12.03,sunny,high,medium,3.4,2,6,50.0
3554,10.6,RAIN,high,high,6.2,7,2,75.3
3555,3.74,sunny,medium,medium,2.1,17,3,20.6
3556,12.86,rain,low,high,1.5,10,0,65.9
3557,6.2,RAIN,low,medium,6.9,6,4,29.9
3558,10.27,Sunny,high,low,7.9,18,2,39.6
3559,2.56,RAIN,low,high,5.3,6,2,21.9
3560,9.73,RAIN,HIGH,medium,4.0,1,1,63.1
3561,6.82,Sunny,HIGH,medium,4.6,5,2,36.5
3562,16.63,Sunny,high,medium,4.2,4,6,74.4
3563,2.08,rain,HIGH,high,9.6,13,4,36.8
3564,8.95,Sunny,high,low,7.8,17,0,41.3
3565,9.71,snow,low,medium,2.5,3,1,56.1
3566,14.78,snow,low,high,4.1,3,4,73.5
3567,11.91,rain,low,medium,5.7,23,5,52.9
3568,13.68,sunny,medium,low,6.3,12,2,39.2
3569,15.76,sunny,high,low,4.9,22,6,59.1
3570,17.38,snow,HIGH,low,8.2,20,3,77.7
3571,6.96,Sunny,low,high,7.8,0,5,23.8
3572,11.22,rain,medium,medium,,19,3,48.5
3573,16.96,sunny,HIGH,high,8.6,4,4,74.1
3574,19.8,sunny,HIGH,medium,7.6,23,0,77.1
3575,17.9,RAIN,HIGH,high,7.9,2,3,74.1
3576,8.06,snow,low,medium,9.6,20,6,41.3
3577,4.71,Sunny,HIGH,high,3.0,18,4,40.1
3578,10.3,rain,high,medium,3.0,12,1,52.4
3579,15.09,sunny,medium,high,8.9,6,2,58.9
3580,10.36,RAIN,HIGH,low,7.8,9,0,55.8
3581,10.18,snow,HIGH,high,9.3,2,6,76.8
3582,16.93,,high,low,1.1,22,6,72.8
3583,7.87,rain,HIGH,low,6.5,1,0,42.4
3584,17.34,sunny,low,medium,1.9,6,1,53.5
3585,8.73,rain,low,low,5.3,8,0,27.6
3586,7.24,rain,low,low,2.0,20,4,28.1
3587,9.63,RAIN,HIGH,medium,1.7,11,0,47.7
3588,15.49,snow,medium,high,0.6,21,0,75.5
3589,3.39,Sunny,medium,high,6.5,9,0,22.8
3590,4.73,snow,HIGH,low,3.9,18,4,45.7
3591,19.08,snow,medium,high,1.5,12,5,94.5
3592,4.33,,medium,low,3.6,9,2,17.4
3593,11.79,Sunny,HIGH,high,2.1,4,3,60.8
3594,12.01,sunny,low,high,9.4,14,5,47.0
3595,10.3,Sunny,HIGH,high,3.5,20,0,54.9
3596,13.25,sunny,low,low,,2,1,32.8
3597,5.37,Sunny,low,medium,8.5,7,6,19.1
3598,11.5,rain,medium,high,,5,1,55.4
3599,8.07,Sunny,medium,high,7.2,18,4,39.0
3600,13.57,RAIN,low,high,6.5,16,2,60.2
3601,3.68,sunny,low,low,9.5,9,0,5.0
3602,11.85,snow,medium,medium,2.5,0,4,59.6
3603,4.52,RAIN,high,low,9.9,12,3,19.9
3604,6.29,sunny,low,high,8.4,9,2,18.7
3605,5.16,sunny,low,low,6.1,11,2,12.3
3606,4.47,snow,low,high,6.8,1,4,36.1
3607,16.69,rain,medium,high,6.7,9,5,71.3
3608,6.43,RAIN,HIGH,low,1.1,20,6,41.6
3609,18.62,snow,low,high,2.6,22,1,89.6
3610,19.43,snow,low,high,9.6,0,5,74.9
3611,11.85,rain,low,medium,5.6,0,2,51.3
3612,3.72,RAIN,HIGH,low,4.1,19,1,38.4
3613,8.12,snow,HIGH,low,7.7,14,2,50.0
3614,16.16,rain,low,high,5.5,21,6,55.7
3615,7.98,RAIN,low,high,0.6,0,2,43.9
3616,2.65,Sunny,high,low,7.5,20,2,15.5
3617,11.58,sunny,HIGH,low,7.5,8,3,42.6
3618,17.06,rain,high,low,2.1,23,1,72.4
3619,16.12,sunny,low,high,9.6,6,3,57.3
3620,4.33,Sunny,low,medium,2.6,15,1,14.0
3621,13.78,snow,low,medium,4.8,15,6,67.5
3622,5.19,snow,low,high,1.6,12,6,48.7
3623,5.15,RAIN,medium,high,6.2,9,3,35.2
3624,17.61,rain,medium,high,4.1,17,3,81.6
3625,5.74,rain,medium,low,3.9,8,3,27.3
3626,6.0,RAIN,high,high,8.4,11,6,52.4
3627,1.01,sunny,HIGH,low,0.6,23,6,31.8
3628,17.54,snow,low,medium,8.1,12,4,65.2
3629,16.06,snow,,high,5.9,10,3,95.5
3630,12.92,rain,medium,high,9.9,14,5,60.1
3631,15.26,rain,low,low,6.1,9,5,57.4
3632,3.89,RAIN,low,low,1.0,9,2,25.0
3633,9.71,Sunny,high,low,1.0,8,0,50.8
3634,7.67,sunny,HIGH,medium,8.9,2,3,29.4
3635,2.78,Sunny,high,medium,8.5,22,0,13.8
3636,10.24,Sunny,medium,high,3.8,15,0,41.5
3637,18.49,rain,HIGH,high,6.4,11,2,87.0
3638,1.76,rain,medium,low,5.2,16,0,21.0
3639,6.54,rain,high,medium,9.7,14,6,48.0
3640,4.94,Sunny,high,high,9.5,2,0,31.6
3641,5.52,sunny,low,low,9.8,4,6,5.0
3642,18.26,rain,HIGH,low,8.7,12,6,63.5
3643,9.89,snow,HIGH,medium,9.1,23,5,61.1
3644,9.86,sunny,low,medium,2.6,5,6,32.5
3645,121.56002817914542,snow,HIGH,high,8.4,8,0,85.3
3646,3.94,sunny,medium,high,7.2,18,1,29.1
3647,10.26,rain,medium,low,9.6,6,3,36.3
3648,9.17,RAIN,high,low,5.9,12,3,38.9
3649,12.34,rain,medium,low,1.3,21,0,37.7
3650,19.99,Sunny,HIGH,high,6.2,4,2,85.3
3651,15.62,Sunny,low,medium,7.0,15,1,46.6
3652,8.56,sunny,high,high,2.6,3,2,54.4
3653,16.72,Sunny,low,medium,4.2,4,2,53.3
3654,4.24,rain,high,high,6.2,19,0,39.6
3655,1.58,,high,high,4.1,18,4,48.9
3656,4.88,rain,low,medium,4.1,22,0,25.2
3657,7.47,sunny,medium,high,1.8,5,5,39.8
3658,10.7,Sunny,medium,high,9.4,3,4,45.2
3659,12.69,snow,,low,7.6,0,6,51.1
3660,18.3,RAIN,medium,medium,0.5,16,1,70.5
3661,10.69,snow,low,medium,7.8,8,4,56.4
3662,10.52,snow,HIGH,low,7.5,15,0,53.9
3663,1.95,rain,high,medium,0.6,22,0,42.9
3664,1.66,RAIN,low,low,4.0,1,2,20.9
3665,11.47,sunny,medium,medium,6.3,10,0,46.4
3666,9.33,sunny,medium,medium,4.8,4,6,37.6
3667,16.94,snow,low,medium,7.9,12,5,67.3
3668,4.05,snow,high,medium,4.5,19,0,53.3
3669,1.47,Sunny,low,low,2.0,16,3,5.0
3670,9.53,RAIN,low,low,9.8,14,3,33.9
3671,5.51,snow,HIGH,medium,2.8,21,2,58.4
3672,1.94,Sunny,low,high,7.3,11,4,14.0
3673,14.77,RAIN,HIGH,low,1.9,5,4,67.3
3674,3.12,sunny,high,medium,3.6,19,3,24.6
3675,12.56,Sunny,low,low,4.7,12,5,32.0
3676,6.34,RAIN,low,high,2.3,17,1,42.7
3677,4.3,Sunny,medium,high,4.8,23,6,25.9
3678,8.22,snow,low,high,2.0,14,6,58.8
3679,16.23,,medium,medium,5.8,14,6,68.7
3680,8.45,sunny,medium,medium,6.8,7,5,30.6
3681,15.26,snow,medium,high,1.1,18,3,81.8
3682,3.38,snow,high,low,8.8,22,6,20.8
3683,15.68,RAIN,HIGH,low,2.3,13,5,75.3
3684,5.5,Sunny,medium,high,2.6,6,1,32.8
3685,13.87,sunny,low,medium,6.8,13,4,41.5
3686,11.75,snow,low,low,5.0,4,3,52.0
3687,18.65,RAIN,medium,low,5.2,14,0,67.4
3688,8.36,sunny,medium,low,1.7,20,6,31.8
3689,2.26,Sunny,,medium,8.2,14,1,9.0
3690,1.36,snow,medium,high,6.4,23,1,40.2
3691,16.71,snow,HIGH,medium,1.8,3,1,74.4
3692,10.97,snow,HIGH,low,4.1,0,4,65.0
3693,15.73,sunny,high,high,8.2,16,5,68.6
3694,5.45,sunny,medium,medium,5.9,19,2,20.0
3695,7.56,sunny,high,high,1.5,0,6,53.3
3696,1.57,sunny,high,low,4.0,15,0,15.0
3697,19.27,RAIN,high,medium,2.8,12,6,83.6
3698,13.69,rain,medium,high,5.4,17,3,70.8
3699,18.73,,high,medium,8.5,9,5,79.7
3700,6.04,,HIGH,low,4.6,22,1,48.5
3701,12.62,RAIN,high,high,4.6,17,6,61.9
3702,13.89,Sunny,HIGH,low,9.1,16,4,56.4
3703,7.03,sunny,HIGH,high,6.0,8,1,34.6
3704,17.11,Sunny,medium,low,5.9,13,5,51.9
3705,19.0,Sunny,high,low,3.0,20,3,72.0
3706,17.81,snow,medium,medium,6.3,12,0,86.1
3707,15.04,sunny,HIGH,low,6.0,19,1,48.1
3708,6.27,Sunny,low,medium,4.3,19,6,16.6
3709,6.35,snow,high,low,9.9,13,6,46.2
3710,19.3,sunny,medium,low,8.9,10,4,55.5
3711,1.2,rain,low,low,,12,4,13.0
3712,14.6,snow,high,high,5.6,16,2,92.5
3713,14.42,RAIN,high,medium,4.9,2,4,67.7
3714,12.83,sunny,medium,high,,0,2,55.2
3715,19.81,Sunny,low,medium,3.4,20,0,65.0
3716,6.93,Sunny,medium,low,7.9,4,3,8.7
3717,7.46,RAIN,high,high,4.8,12,2,59.4
3718,2.5,RAIN,high,medium,8.9,23,1,32.0
3719,9.41,Sunny,HIGH,low,1.9,4,5,36.9
3720,5.96,sunny,high,medium,5.3,4,6,32.5
3721,7.52,snow,high,medium,6.6,22,1,46.7
3722,16.86,RAIN,low,low,5.4,11,6,58.7
3723,18.77,RAIN,low,high,8.9,1,3,72.7
3724,4.53,RAIN,HIGH,low,9.9,22,4,20.2
3725,8.08,rain,HIGH,high,1.6,15,5,57.0
3726,18.64,sunny,HIGH,medium,1.7,16,1,73.7
3727,2.17,sunny,medium,medium,1.7,4,5,20.7
3728,2.75,sunny,medium,medium,7.0,11,2,14.4
3729,4.09,sunny,HIGH,high,4.0,14,3,33.4
3730,12.31,sunny,medium,low,7.5,5,1,30.0
3731,3.86,Sunny,high,high,4.4,12,4,36.6
3732,19.39,RAIN,HIGH,medium,6.5,10,5,78.4
3733,9.49,Sunny,HIGH,medium,7.8,16,4,38.5
3734,10.53,rain,medium,low,5.7,8,5,43.2
3735,5.69,snow,low,high,5.6,15,1,39.2
3736,9.95,,HIGH,medium,1.3,16,3,59.6
3737,13.58,rain,medium,high,4.4,19,0,64.4
3738,15.27,Sunny,medium,high,5.7,23,1,58.8
3739,15.32,snow,low,low,4.9,17,4,61.4
3740,11.98,rain,HIGH,low,,12,0,53.1
3741,18.18,snow,low,medium,9.1,10,3,74.5
3742,16.53,rain,high,low,8.3,12,4,62.9
3743,15.38,Sunny,low,high,4.1,23,3,55.5
3744,2.06,snow,low,low,7.3,12,5,19.2
3745,1.13,rain,,high,4.3,11,1,29.1
3746,5.04,Sunny,,medium,2.7,13,3,21.7
3747,13.61,RAIN,,high,3.8,12,4,78.5
3748,8.81,Sunny,medium,low,1.2,8,1,25.9
3749,8.65,Sunny,high,low,3.7,13,6,45.9
3750,17.81,RAIN,,medium,4.9,0,4,64.6
3751,18.02,Sunny,high,low,9.6,8,4,61.0
3752,18.27,RAIN,high,medium,3.5,3,6,85.7
3753,6.96,RAIN,low,medium,9.1,11,6,28.3
3754,14.13,RAIN,low,low,2.7,23,0,50.5
3755,6.16,rain,,high,2.3,13,2,50.4
3756,4.62,snow,medium,medium,5.4,8,3,38.3
3757,4.51,rain,HIGH,high,6.9,2,3,49.1
3758,7.5,RAIN,medium,low,0.9,5,0,38.9
3759,9.17,snow,low,high,2.6,2,5,65.3
3760,16.79,snow,high,high,4.8,0,3,92.1
3761,3.28,RAIN,high,high,3.6,21,6,45.9
3762,14.96,snow,medium,high,-5.0,20,0,71.8
3763,11.1,snow,,low,5.4,2,3,57.4
3764,6.47,rain,low,low,2.0,13,3,23.3
3765,10.36,snow,high,high,9.0,19,4,71.9
3766,6.7,RAIN,HIGH,low,3.3,1,0,38.9
3767,12.33,sunny,HIGH,low,7.4,11,6,48.8
3768,9.24,sunny,medium,medium,7.9,9,5,29.9
3769,4.12,sunny,HIGH,low,-5.0,12,3,19.1
3770,3.22,RAIN,low,high,5.2,19,5,23.0
3771,11.39,sunny,HIGH,low,6.4,3,2,38.3
3772,18.15,rain,medium,low,3.7,18,0,68.0
3773,7.54,RAIN,low,low,6.9,21,0,30.8
3774,14.93,RAIN,high,low,4.9,0,0,66.5
3775,13.51,RAIN,low,medium,4.7,10,6,63.8
3776,18.7,snow,medium,high,8.6,15,6,89.7
3777,16.6,snow,medium,high,1.0,18,4,88.7
3778,11.77,snow,HIGH,low,8.9,18,0,58.0
3779,13.48,Sunny,HIGH,low,8.6,11,4,54.2
3780,18.07,rain,high,medium,5.3,2,6,83.9
3781,8.59,RAIN,high,low,5.2,22,2,42.0
3782,7.21,RAIN,,medium,3.9,23,1,35.7
3783,1.21,snow,medium,high,9.9,17,4,28.4
3784,16.7,RAIN,medium,high,1.6,16,3,80.7
3785,16.22,RAIN,high,medium,6.1,4,0,65.7
3786,2.98,sunny,medium,high,7.0,15,1,18.0
3787,11.96,RAIN,high,low,9.4,23,4,51.1
3788,9.82,Sunny,medium,low,7.9,13,5,25.1
3789,3.26,snow,low,medium,6.6,18,6,26.6
3790,19.63,rain,low,high,,5,5,85.4
3791,5.08,rain,medium,high,4.1,2,3,43.8
3792,2.28,sunny,low,medium,1.8,5,1,10.6
3793,12.3,,high,medium,8.9,11,2,55.6
3794,15.04,rain,HIGH,high,7.6,19,4,80.3
3795,1.62,snow,low,medium,7.7,10,5,21.8
3796,13.52,snow,HIGH,low,,6,5,67.6
3797,11.11,Sunny,low,high,5.3,0,4,45.9
3798,2.96,,high,medium,1.9,15,5,23.1
3799,4.28,rain,low,medium,3.6,15,2,22.9
3800,11.79,Sunny,low,medium,1.8,16,5,38.9
3801,6.63,,medium,high,7.4,14,4,40.5
3802,18.83,rain,HIGH,low,2.0,20,0,72.8
3803,16.56,rain,HIGH,low,7.2,8,5,66.2
3804,19.69,snow,high,high,7.1,4,4,96.1
3805,5.93,RAIN,high,medium,4.9,19,0,55.5
3806,19.42,sunny,HIGH,high,1.8,7,5,87.4
3807,9.19,rain,medium,high,3.5,20,5,48.6
3808,7.6,sunny,medium,medium,3.5,0,4,22.4
3809,1.96,Sunny,HIGH,high,7.2,6,3,30.3
3810,2.0,Sunny,low,low,1.6,10,3,5.0
3811,14.15,RAIN,HIGH,high,8.4,19,1,75.5
3812,9.7,rain,low,medium,7.7,20,3,31.8
3813,5.3,snow,HIGH,high,2.3,12,2,72.5
3814,12.67,rain,low,low,7.3,21,1,39.7
3815,5.8,sunny,medium,high,6.9,12,3,31.2
3816,11.98,Sunny,HIGH,high,7.6,6,0,59.9
3817,7.82,sunny,high,high,2.3,10,6,51.2
3818,16.65,RAIN,low,high,2.0,17,4,79.1
3819,16.59,Sunny,medium,medium,2.7,0,3,55.9
3820,10.07,snow,high,low,4.0,11,0,65.5
3821,7.67,Sunny,medium,low,8.0,2,6,25.1
3822,7.89,rain,low,low,7.5,0,1,29.9
3823,16.31,rain,HIGH,high,9.3,3,4,84.9
3824,7.24,Sunny,medium,low,1.1,5,3,21.7
3825,4.97,RAIN,HIGH,medium,0.6,4,1,48.7
3826,2.61,rain,HIGH,high,7.1,10,3,41.4
3827,9.87,rain,medium,high,3.2,19,1,56.1
3828,10.16,snow,medium,low,3.7,22,3,54.2
3829,16.98,Sunny,medium,high,5.7,12,6,70.1
3830,5.2,rain,HIGH,high,1.5,10,0,50.2
3831,8.24,RAIN,,low,6.6,5,2,35.8
3832,16.36,sunny,low,medium,3.6,18,6,50.7
3833,16.65,Sunny,high,medium,6.5,14,0,51.7
3834,8.31,snow,HIGH,low,8.4,20,4,49.5
3835,9.72,rain,medium,medium,2.1,12,3,55.8
3836,6.76,RAIN,medium,medium,9.3,9,2,24.0
3837,18.72,Sunny,low,medium,5.5,0,6,54.5
3838,3.25,RAIN,low,high,9.3,12,2,17.9
3839,18.74,RAIN,high,high,2.5,5,4,95.2
3840,13.99,snow,,high,6.2,20,4,87.7
3841,11.1,Sunny,low,medium,4.3,23,2,35.2
3842,1.62,rain,HIGH,high,7.9,19,4,32.0
3843,10.04,snow,high,medium,6.3,11,4,65.5
3844,8.75,rain,medium,low,5.2,16,3,41.2
3845,4.06,sunny,medium,medium,,17,0,17.6
3846,13.47,RAIN,HIGH,high,4.1,23,5,73.5
3847,19.45,sunny,low,medium,2.6,7,1,60.6
3848,11.68,RAIN,high,high,6.3,13,2,65.7
3849,14.58,snow,medium,high,6.4,4,1,78.5
3850,2.3,rain,low,low,4.7,21,2,5.0
3851,8.94,rain,high,low,5.1,1,2,48.4
3852,3.21,snow,HIGH,high,9.6,21,0,45.4
3853,12.64,Sunny,medium,medium,7.5,10,6,39.6
3854,18.83,sunny,HIGH,low,1.6,2,6,65.9
3855,13.57,sunny,HIGH,low,2.5,21,2,56.4
3856,2.46,,HIGH,high,9.8,15,2,32.7
3857,7.74,rain,high,medium,7.4,20,0,41.5
3858,11.46,rain,HIGH,low,9.2,15,4,45.4
3859,8.66,snow,high,low,3.4,8,6,51.5
3860,16.84,Sunny,high,medium,7.5,12,5,67.8
3861,16.48,sunny,HIGH,low,7.3,9,1,50.2
3862,12.62,RAIN,HIGH,medium,3.3,16,2,65.7
3863,8.1,snow,low,high,5.7,20,0,49.2
3864,5.85,sunny,medium,low,6.5,16,2,22.6
3865,3.01,Sunny,low,high,5.1,9,6,20.0
3866,7.74,snow,medium,medium,8.4,7,0,42.0
3867,8.85,sunny,medium,high,8.4,6,1,37.3
3868,13.84,snow,low,high,8.6,13,3,61.7
3869,13.51,sunny,low,high,8.1,21,6,49.2
3870,2.33,sunny,medium,medium,5.1,17,4,13.7
3871,8.51,Sunny,medium,medium,4.1,20,3,34.7
3872,4.45,RAIN,medium,medium,8.4,18,0,20.5
3873,3.98,,high,medium,5.2,17,2,20.8
3874,16.72,sunny,medium,medium,2.8,13,4,50.5
3875,1.8,snow,HIGH,low,5.3,9,6,26.1
3876,8.96,Sunny,HIGH,low,1.8,0,1,39.8
3877,4.2,RAIN,HIGH,low,7.1,8,6,38.7
3878,17.71,sunny,low,high,3.7,17,5,61.7
3879,11.58,Sunny,low,high,3.0,12,4,43.2
3880,5.4,Sunny,low,medium,,16,2,11.4
3881,10.55,Sunny,medium,medium,7.9,22,3,30.2
3882,172.5887667272869,Sunny,HIGH,low,8.0,21,0,43.7
3883,19.2,snow,medium,medium,6.4,15,3,78.6
3884,5.19,,high,high,8.5,23,6,44.2
3885,17.84,RAIN,high,medium,7.7,10,4,85.6
3886,18.75,sunny,low,low,6.2,22,5,46.4
3887,18.41,rain,high,medium,9.6,8,2,76.7
3888,13.07,snow,HIGH,high,2.3,6,0,79.6
3889,12.97,sunny,high,low,9.5,21,2,46.0
3890,8.66,sunny,low,medium,4.3,0,2,24.1
3891,15.3,Sunny,medium,high,5.5,8,5,53.7
3892,11.09,rain,high,low,1.7,9,4,51.1
3893,13.87,rain,HIGH,low,5.6,15,3,56.7
3894,9.14,snow,HIGH,high,6.3,20,2,64.1
3895,14.9,rain,HIGH,medium,10.0,17,6,66.2
3896,16.66,sunny,medium,medium,9.8,13,6,44.8
3897,3.78,rain,HIGH,medium,9.7,10,2,34.9
3898,16.83,rain,low,low,3.8,23,2,53.4
3899,11.27,RAIN,low,low,9.9,3,0,27.3
3900,17.05,sunny,HIGH,medium,4.8,18,2,64.0
3901,9.19,rain,high,low,8.6,12,6,37.2
3902,8.2,rain,HIGH,low,2.6,0,2,46.6
3903,18.39,Sunny,low,high,5.3,20,4,61.1
3904,5.77,rain,low,medium,9.7,18,6,28.2
3905,17.04,rain,low,medium,9.5,14,2,45.2
3906,10.2,RAIN,high,medium,7.0,19,5,60.0
3907,10.77,sunny,high,low,8.1,14,5,34.2
3908,6.86,snow,high,low,2.2,10,6,60.9
3909,11.89,sunny,low,low,7.4,22,2,27.4
3910,7.18,Sunny,medium,medium,6.4,4,5,31.9
3911,1.75,sunny,HIGH,low,1.4,23,4,18.2
3912,6.17,rain,HIGH,medium,1.6,21,0,47.9
3913,1.12,Sunny,low,low,1.5,9,5,5.0
3914,19.59,sunny,high,medium,7.4,17,6,71.4
3915,19.35,Sunny,medium,high,1.8,6,5,70.9
3916,8.51,snow,medium,low,4.9,0,3,45.6
3917,14.84,sunny,high,medium,3.9,2,4,62.6
3918,7.57,rain,HIGH,high,5.7,0,5,55.3
3919,13.75,Sunny,HIGH,high,7.2,16,0,68.8
3920,16.3,,medium,low,7.0,14,3,58.0
3921,18.99,Sunny,medium,medium,5.4,4,6,57.9
3922,8.6,RAIN,high,low,4.9,21,6,47.8
3923,15.88,rain,HIGH,high,4.3,15,2,87.2
3924,6.05,snow,medium,low,8.7,11,4,20.7
3925,19.82,RAIN,HIGH,medium,3.6,18,5,81.7
3926,1.49,snow,medium,high,3.0,13,2,38.5
3927,12.47,Sunny,high,low,7.6,2,4,39.2
3928,13.53,rain,HIGH,low,3.9,18,6,64.1
3929,14.07,RAIN,medium,low,8.5,0,3,42.6
3930,3.29,Sunny,medium,low,3.6,20,5,5.6
3931,18.83,sunny,medium,low,7.2,0,6,54.0
3932,4.44,Sunny,medium,high,0.9,9,0,31.1
3933,12.83,snow,high,high,4.2,2,4,89.1
3934,5.23,rain,HIGH,medium,3.8,12,6,45.0
3935,6.84,rain,HIGH,low,8.3,5,6,52.6
3936,11.38,Sunny,low,medium,9.7,10,0,24.0
3937,8.93,sunny,HIGH,high,4.9,5,2,43.3
3938,4.04,snow,low,low,8.3,2,6,29.0
3939,4.25,Sunny,medium,medium,7.1,15,2,31.6
3940,8.94,,high,low,9.7,8,3,29.1
3941,15.39,rain,high,low,8.2,7,3,59.7
3942,18.06,snow,medium,medium,1.2,2,1,85.4
3943,2.6,sunny,low,high,7.3,4,1,9.8
3944,8.47,rain,medium,medium,,20,3,31.0
3945,2.9,Sunny,high,medium,0.7,13,5,31.1
3946,1.32,rain,high,medium,2.9,4,2,32.5
3947,13.57,rain,HIGH,low,9.3,18,0,47.6
3948,12.45,RAIN,low,high,9.3,4,6,48.1
3949,4.1,rain,HIGH,high,8.1,20,6,35.5
3950,5.44,rain,high,low,9.8,19,3,31.4
3951,1.45,snow,high,high,8.2,19,5,44.4
3952,16.86,rain,HIGH,medium,0.6,1,0,82.7
3953,19.52,sunny,HIGH,high,,6,1,87.3
3954,3.57,Sunny,high,low,0.8,0,0,30.2
3955,5.4,snow,HIGH,high,1.4,20,3,65.4
3956,17.5,rain,HIGH,low,2.6,17,2,77.5
3957,18.6,sunny,low,medium,5.3,9,3,65.5
3958,8.97,Sunny,high,low,8.6,5,6,36.4
3959,1.96,snow,medium,high,8.7,6,6,36.5
3960,1.75,sunny,low,medium,6.4,11,4,5.4
3961,11.91,rain,medium,high,9.3,17,5,50.4
3962,8.47,RAIN,HIGH,low,5.3,10,5,40.8
3963,1.54,RAIN,HIGH,medium,8.9,21,5,25.4
3964,12.08,snow,,low,4.8,18,4,53.7
3965,1.21,sunny,HIGH,high,3.1,3,4,39.3
3966,15.96,Sunny,HIGH,low,9.2,18,2,53.7
3967,6.82,sunny,low,high,4.2,12,5,31.9
3968,1.76,,medium,high,5.3,18,3,34.8
3969,12.18,snow,low,medium,,1,4,60.1
3970,8.56,rain,medium,medium,6.8,8,3,38.1
3971,19.5,sunny,low,low,10.0,7,1,47.8
3972,11.34,RAIN,high,high,0.7,20,5,75.2
3973,6.23,Sunny,high,high,9.0,13,4,44.9
3974,14.48,snow,medium,medium,0.5,8,4,68.1
3975,6.16,rain,high,medium,4.0,12,2,42.0
3976,18.18,sunny,low,medium,2.1,17,3,58.7
3977,8.12,Sunny,,medium,7.7,5,2,31.8
3978,11.45,rain,high,low,,22,2,62.1
3979,1.96,RAIN,high,low,5.8,21,3,24.5
3980,9.1,RAIN,medium,low,3.3,2,1,43.4
3981,16.81,Sunny,high,low,1.8,9,3,59.9
3982,16.31,RAIN,high,medium,7.8,9,1,81.0
3983,5.26,snow,medium,low,2.6,9,2,33.5
3984,5.3,Sunny,high,low,2.6,8,1,19.2
3985,16.53,RAIN,high,low,3.1,11,5,73.9
3986,18.68,sunny,high,medium,6.1,23,1,63.6
3987,2.81,RAIN,high,high,6.8,7,1,37.7
3988,9.55,snow,,medium,0.7,23,4,69.1
3989,7.41,rain,medium,high,2.8,8,4,50.9
3990,17.54,rain,HIGH,high,4.6,16,6,92.2
3991,2.59,RAIN,HIGH,low,3.7,7,2,21.6
3992,5.01,rain,low,low,8.9,17,3,8.7
3993,15.3,RAIN,HIGH,low,8.0,19,1,78.4
3994,1.97,snow,HIGH,medium,6.4,16,5,39.2
3995,10.36,rain,low,medium,3.7,5,4,35.4
3996,9.4,sunny,high,low,7.2,9,3,29.5
3997,7.35,RAIN,high,medium,8.5,0,5,41.2
3998,8.5,rain,HIGH,medium,6.2,20,1,50.1
3999,11.07,snow,low,high,8.0,0,3,64.6
4000,4.07,snow,high,medium,7.6,8,6,53.3
4001,11.87,sunny,low,high,5.9,19,5,39.4
4002,16.3,snow,medium,low,3.5,2,0,66.9
4003,15.44,snow,medium,medium,7.6,23,5,69.9
4004,3.92,rain,medium,high,2.5,5,5,35.1
4005,3.84,RAIN,medium,medium,7.9,6,1,30.0
4006,6.1,Sunny,HIGH,high,8.1,8,3,50.9
4007,7.86,snow,medium,high,8.3,4,1,53.7
4008,8.76,snow,medium,medium,5.0,15,1,53.9
4009,13.91,Sunny,low,low,2.3,1,0,36.0
4010,2.08,snow,high,high,1.4,2,6,56.2
4011,1.66,rain,low,low,7.6,2,5,5.0
4012,8.45,rain,HIGH,medium,8.9,19,3,41.9
4013,14.25,Sunny,medium,medium,6.7,22,6,37.6
4014,4.68,snow,high,low,1.9,9,2,50.8
4015,13.19,snow,high,medium,9.4,21,4,77.2
4016,5.94,RAIN,medium,high,9.9,2,6,41.1
4017,17.84,snow,medium,low,4.6,14,1,73.5
4018,18.02,rain,HIGH,medium,6.2,13,1,77.1
4019,6.65,sunny,HIGH,medium,7.9,22,1,32.0
4020,5.37,sunny,medium,low,,3,1,7.0
4021,8.81,sunny,medium,high,9.7,9,4,39.5
4022,5.57,sunny,medium,low,1.6,10,2,25.0
4023,13.78,snow,medium,medium,6.0,10,0,60.8
4024,16.7,snow,high,medium,7.1,7,2,78.9
4025,13.79,RAIN,HIGH,low,9.0,22,4,48.9
4026,16.66,snow,medium,high,8.8,22,3,78.1
4027,8.54,sunny,medium,high,9.8,8,0,33.8
4028,3.97,Sunny,high,high,5.4,7,0,35.8
4029,15.02,Sunny,low,low,8.4,11,3,28.3
4030,7.85,rain,medium,high,4.6,16,5,44.4
4031,13.75,rain,high,high,4.5,22,1,72.2
4032,6.14,snow,high,high,2.9,14,4,68.6
4033,2.54,Sunny,low,high,8.3,18,3,7.7
4034,19.86,sunny,HIGH,medium,9.9,19,2,70.0
4035,3.97,sunny,HIGH,low,,5,2,19.9
4036,19.78,sunny,HIGH,low,1.0,4,5,72.2
4037,19.57,snow,medium,high,8.2,7,3,93.6
4038,16.08,snow,HIGH,low,6.4,17,4,69.4
4039,13.53,RAIN,medium,low,9.6,20,5,31.0
4040,11.98,sunny,medium,medium,2.9,20,5,37.8
4041,238.24106602681096,sunny,high,low,1.2,14,5,68.0
4042,6.5,snow,HIGH,medium,5.2,2,0,49.3
4043,9.89,snow,HIGH,low,1.3,13,0,59.5
4044,12.77,RAIN,HIGH,medium,3.0,14,1,69.0
4045,8.81,RAIN,medium,medium,1.7,12,4,50.4
4046,9.12,rain,medium,low,2.6,20,2,44.4
4047,7.28,Sunny,HIGH,medium,1.5,19,2,44.8
4048,11.72,sunny,medium,medium,9.6,20,1,30.0
4049,17.16,sunny,medium,low,3.1,8,2,60.8
4050,4.83,RAIN,low,medium,4.7,22,5,21.1
4051,18.75,RAIN,low,medium,9.0,16,1,59.3
4052,14.09,rain,HIGH,medium,6.9,18,1,66.0
4053,16.64,Sunny,HIGH,medium,6.4,3,3,65.6
4054,11.57,rain,low,medium,7.2,19,0,50.3
4055,15.81,Sunny,medium,high,8.4,9,4,54.2
4056,1.31,sunny,medium,medium,8.8,21,4,7.3
4057,16.55,rain,high,medium,6.6,2,0,70.6
4058,1.76,RAIN,HIGH,medium,9.0,18,5,34.5
4059,17.91,rain,HIGH,medium,5.6,8,4,81.1
4060,19.85,rain,HIGH,low,3.1,4,2,87.3
4061,6.59,sunny,high,high,8.9,13,2,33.3
4062,5.0,RAIN,high,low,5.6,6,4,30.5
4063,15.54,RAIN,medium,high,9.1,20,6,66.9
4064,5.81,snow,low,medium,0.9,5,6,49.9
4065,17.45,snow,low,medium,4.3,23,3,79.2
4066,2.95,snow,low,high,9.5,7,4,40.0
4067,3.39,sunny,medium,high,2.9,1,1,33.4
4068,19.6,rain,low,low,9.4,13,5,61.4
4069,13.8,RAIN,high,high,9.6,21,1,70.6
4070,17.09,RAIN,high,medium,8.9,6,0,67.0
4071,7.16,rain,HIGH,low,5.9,2,5,28.7
4072,13.85,RAIN,low,high,6.6,19,5,59.3
4073,12.29,rain,high,high,8.8,21,2,70.3
4074,12.46,sunny,HIGH,low,7.9,22,5,29.3
4075,13.97,sunny,low,high,6.5,5,3,43.2
4076,11.93,sunny,low,medium,9.8,20,4,25.9
4077,9.15,rain,,low,,13,1,43.1
4078,6.24,rain,HIGH,high,9.8,11,2,47.5
4079,15.6,Sunny,HIGH,medium,1.0,17,6,73.0
4080,5.3,,high,high,1.8,11,2,47.2
4081,14.15,RAIN,high,low,4.8,6,3,63.4
4082,5.43,Sunny,high,high,4.2,4,3,34.3
4083,12.88,Sunny,low,high,7.9,11,3,48.3
4084,15.19,sunny,high,high,2.0,8,3,70.8
4085,5.16,Sunny,high,medium,9.8,10,6,19.7
4086,2.14,rain,medium,medium,3.5,3,1,20.9
4087,3.49,snow,high,high,4.6,13,3,49.4
4088,12.51,rain,high,high,3.1,11,2,74.3
4089,17.14,Sunny,low,low,6.0,17,2,47.3
4090,1.85,RAIN,HIGH,high,1.1,6,6,49.4
4091,14.95,,low,low,1.9,22,5,50.0
4092,7.49,RAIN,medium,medium,7.6,0,4,42.3
4093,10.09,rain,high,high,2.3,12,2,67.4
4094,18.65,RAIN,high,low,2.7,15,2,84.0
4095,7.31,rain,high,medium,8.0,4,6,43.5
4096,9.84,RAIN,high,low,1.4,18,1,51.7
4097,1.26,snow,high,medium,4.7,8,5,43.0
4098,2.55,sunny,,high,0.7,22,2,38.3
4099,5.91,rain,medium,low,3.8,8,0,25.4
4100,1.53,snow,high,high,7.1,11,2,51.8
4101,13.0,sunny,high,low,1.4,17,4,47.5
4102,9.1,rain,high,medium,8.9,23,4,51.5
4103,11.41,snow,medium,low,9.1,9,5,51.0
4104,4.32,snow,high,low,1.5,16,5,51.5
4105,6.62,snow,medium,high,9.9,18,3,53.4
4106,13.61,Sunny,low,high,3.3,23,1,51.0
4107,19.34,RAIN,high,high,1.3,10,4,96.6
4108,1.96,sunny,HIGH,medium,0.5,15,0,27.1
4109,17.92,RAIN,medium,high,4.4,7,0,87.2
4110,11.96,RAIN,low,low,6.5,23,3,41.3
4111,11.71,RAIN,medium,medium,3.7,14,1,57.9
4112,10.51,snow,medium,high,8.4,10,1,60.2
4113,2.32,RAIN,low,low,7.3,6,5,5.0
4114,2.71,Sunny,high,low,,1,2,13.9
4115,12.42,rain,high,medium,7.5,18,0,65.3
4116,7.48,snow,medium,low,9.4,8,0,32.5
4117,18.43,sunny,low,high,1.4,17,6,84.6
4118,8.73,rain,high,low,3.4,12,0,45.1
4119,3.72,rain,medium,high,4.9,22,0,37.0
4120,14.58,rain,HIGH,high,5.2,0,6,79.2
4121,6.57,RAIN,low,medium,5.7,18,4,30.8
4122,10.98,RAIN,HIGH,low,3.4,12,1,47.8
4123,14.26,snow,HIGH,medium,6.8,13,2,77.9
4124,18.11,RAIN,medium,medium,6.6,16,4,69.6
4125,16.05,RAIN,low,medium,6.0,21,1,56.5
4126,13.85,RAIN,high,high,1.6,19,3,88.9
4127,13.91,snow,high,high,5.0,0,0,77.4
4128,18.97,snow,medium,high,3.9,4,2,84.7
4129,6.62,Sunny,high,high,5.2,19,1,47.4
4130,1.02,Sunny,high,low,9.3,13,3,6.5
4131,6.17,Sunny,HIGH,low,5.1,17,0,23.0
4132,5.14,Sunny,HIGH,high,0.6,12,3,45.7
4133,13.57,rain,low,high,4.7,22,6,64.9
4134,13.04,rain,HIGH,low,8.3,11,3,46.0
4135,12.28,Sunny,high,medium,7.9,14,4,53.0
4136,1.31,Sunny,low,medium,5.4,23,3,6.1
4137,14.85,sunny,low,high,2.9,3,4,54.9
4138,7.15,rain,medium,medium,4.9,8,5,38.8
4139,13.64,sunny,HIGH,high,5.9,2,4,65.2
4140,11.57,,low,high,10.0,21,6,40.5
4141,7.51,RAIN,high,high,6.6,10,6,49.7
4142,3.56,snow,low,low,7.1,14,3,27.6
4143,2.79,rain,low,medium,5.2,15,1,24.1
4144,16.8,Sunny,medium,low,3.9,6,3,55.8
4145,18.45,Sunny,high,medium,8.2,6,3,58.9
4146,13.35,snow,high,low,5.2,21,1,74.5
4147,2.97,rain,HIGH,low,9.9,8,0,20.2
4148,8.64,Sunny,,high,4.8,16,2,52.8
4149,14.85,Sunny,low,high,1.1,12,5,48.3
4150,15.82,RAIN,high,low,7.0,8,0,60.6
4151,3.25,sunny,high,medium,0.9,8,3,34.9
4152,1.0,Sunny,low,medium,2.9,19,0,9.1
4153,14.53,,medium,high,3.9,11,2,63.5
4154,7.78,snow,HIGH,high,7.5,20,6,67.7
4155,5.84,RAIN,HIGH,medium,5.2,18,0,39.2
4156,1.25,rain,medium,medium,0.8,22,2,23.5
4157,11.27,RAIN,,medium,6.4,14,0,37.3
4158,17.17,sunny,HIGH,high,4.4,17,4,77.9
4159,19.2,Sunny,medium,medium,9.3,7,3,63.9
4160,11.75,rain,medium,high,5.2,5,2,63.4
4161,10.77,snow,medium,low,7.2,5,5,44.1
4162,2.62,sunny,HIGH,low,2.6,2,3,19.5
4163,11.43,sunny,,low,7.7,2,4,32.2
4164,8.22,,HIGH,medium,-5.0,1,6,54.7
4165,12.54,sunny,HIGH,high,9.1,4,0,56.8
4166,8.39,rain,high,medium,0.8,19,3,59.5
4167,5.57,RAIN,medium,high,4.8,11,0,41.9
4168,2.8,sunny,high,medium,7.0,5,0,18.9
4169,6.98,snow,medium,low,1.4,15,3,41.5
4170,2.84,rain,HIGH,high,4.4,4,2,45.5
4171,4.36,snow,HIGH,medium,9.5,5,2,51.9
4172,19.76,snow,high,high,4.6,3,3,102.0
4173,9.44,RAIN,low,high,9.9,13,2,47.3
4174,11.11,Sunny,HIGH,medium,1.0,2,1,58.7
4175,17.6,RAIN,low,medium,7.3,16,0,59.4
4176,19.92,rain,medium,high,6.0,4,3,88.1
4177,12.07,rain,high,high,5.3,21,5,74.9
4178,16.44,RAIN,low,low,9.7,20,4,37.0
4179,7.21,Sunny,low,high,1.7,20,6,38.1
4180,6.81,RAIN,HIGH,low,9.0,5,3,41.0
4181,8.65,rain,low,low,7.1,19,3,21.6
4182,13.78,Sunny,low,low,3.0,3,0,31.2
4183,13.96,rain,medium,high,9.1,12,4,62.0
4184,6.99,Sunny,high,low,4.6,7,0,38.3
4185,3.53,Sunny,HIGH,high,8.2,10,5,25.3
4186,13.02,RAIN,HIGH,high,4.2,23,6,66.1
4187,3.44,RAIN,low,medium,,18,2,14.7
4188,11.99,RAIN,medium,high,6.5,22,3,55.2
4189,14.18,Sunny,low,high,1.8,4,0,47.0
4190,14.31,Sunny,low,low,6.7,4,6,32.0
4191,15.32,rain,HIGH,high,2.3,2,5,84.9
4192,17.58,snow,low,high,4.4,1,5,91.7
4193,10.5,RAIN,low,medium,2.1,2,6,48.8
4194,14.87,rain,medium,medium,0.7,14,1,69.8
4195,12.76,rain,HIGH,low,2.5,6,3,54.8
4196,4.55,sunny,high,low,5.6,2,5,21.5
4197,1.49,RAIN,medium,medium,5.1,14,6,19.2
4198,6.41,rain,medium,medium,5.3,10,2,36.5
4199,9.42,sunny,,high,2.9,15,0,47.8
4200,12.73,RAIN,HIGH,low,7.0,12,0,59.6
4201,17.15,Sunny,low,low,7.2,1,1,43.0
4202,4.73,sunny,high,high,3.9,19,2,36.9
4203,3.39,Sunny,HIGH,high,8.9,11,5,35.6
4204,19.31,snow,low,low,6.6,20,6,73.6
4205,3.05,snow,medium,medium,7.3,6,1,35.5
4206,10.09,snow,HIGH,medium,3.1,0,5,68.4
4207,12.13,snow,low,high,0.5,13,5,76.9
4208,11.29,rain,high,low,8.7,23,3,42.1
4209,2.63,snow,high,high,8.3,9,4,52.4
4210,2.08,rain,low,medium,1.7,2,6,25.6
4211,3.0,rain,HIGH,medium,4.1,10,5,31.6
4212,12.13,RAIN,medium,high,6.8,21,0,54.8
4213,11.34,rain,low,medium,6.7,19,5,36.6
4214,5.44,rain,medium,low,8.7,20,1,23.4
4215,13.12,snow,high,high,1.8,14,6,74.3
4216,16.58,rain,low,high,4.6,5,5,70.3
4217,1.79,Sunny,high,high,1.4,17,6,29.9
4218,10.46,snow,medium,medium,4.2,12,0,53.4
4219,14.1,sunny,medium,low,0.6,14,0,37.2
4220,5.79,snow,low,high,9.0,2,1,37.1
4221,6.85,rain,low,high,5.5,14,0,46.1
4222,12.66,Sunny,low,medium,8.6,23,2,31.1
4223,18.06,snow,high,low,1.1,23,2,90.0
4224,16.39,Sunny,medium,high,2.7,0,4,60.5
4225,12.08,sunny,medium,medium,3.0,9,6,49.8
4226,14.87,sunny,high,high,4.2,23,2,72.6
4227,7.93,RAIN,low,medium,8.1,17,1,29.9
4228,13.18,RAIN,HIGH,low,4.2,7,5,60.7
4229,9.86,,low,medium,2.4,11,2,55.3
4230,4.61,RAIN,HIGH,high,1.1,4,4,47.5
4231,14.33,Sunny,HIGH,high,,0,6,67.4
4232,11.57,RAIN,high,medium,7.7,7,3,62.1
4233,7.81,Sunny,medium,low,4.7,4,3,30.5
4234,18.32,RAIN,medium,low,7.4,16,1,61.8
4235,1.4,RAIN,medium,high,7.0,14,4,29.3
4236,7.0,RAIN,medium,high,1.8,3,2,54.9
4237,2.08,rain,high,medium,1.9,12,4,34.3
4238,15.56,rain,HIGH,medium,7.7,16,0,69.1
4239,14.34,RAIN,medium,medium,7.4,12,4,59.7
4240,7.3,Sunny,HIGH,low,4.1,1,2,42.9
4241,13.84,snow,high,low,1.2,23,1,78.8
4242,8.52,sunny,low,high,0.6,3,0,41.4
4243,15.37,rain,high,high,3.2,1,4,79.3
4244,9.63,RAIN,medium,high,0.6,11,3,57.9
4245,8.83,sunny,low,medium,2.7,18,2,33.7
4246,18.76,rain,,low,4.5,17,1,78.8
4247,5.77,snow,high,high,1.7,9,5,62.3
4248,3.29,Sunny,HIGH,high,1.5,4,2,44.6
4249,12.11,RAIN,high,high,9.0,10,4,72.1
4250,19.42,snow,low,high,6.1,0,6,85.4
4251,8.18,rain,high,high,9.4,2,1,54.7
4252,2.18,,medium,high,3.8,16,3,28.8
4253,7.45,sunny,HIGH,low,6.9,14,0,25.0
4254,10.61,Sunny,low,high,2.4,13,4,45.7
4255,4.08,rain,low,low,6.4,23,1,10.7
4256,13.5,Sunny,high,medium,,14,0,63.7
4257,19.96,RAIN,,low,0.5,15,6,72.3
4258,9.58,snow,HIGH,medium,9.3,3,1,64.8
4259,7.74,Sunny,low,low,5.8,18,5,15.8
4260,8.61,sunny,HIGH,low,9.3,23,4,20.1
4261,3.19,rain,,high,3.7,7,1,43.3
4262,17.78,sunny,medium,low,3.6,5,3,54.6
4263,8.88,Sunny,high,low,4.3,15,6,27.8
4264,8.36,snow,HIGH,high,7.2,2,1,58.2
4265,13.53,snow,high,medium,5.9,7,4,74.6
4266,9.4,sunny,HIGH,high,9.3,4,1,52.1
4267,13.32,RAIN,low,high,0.7,4,0,67.3
4268,2.17,RAIN,low,high,7.2,11,0,22.8
4269,16.46,snow,high,medium,3.6,0,6,82.8
4270,18.87,sunny,low,low,2.2,6,5,49.5
4271,13.33,sunny,HIGH,low,5.3,23,2,51.9
4272,19.14,sunny,low,high,5.3,10,6,67.1
4273,3.88,Sunny,medium,high,1.8,9,5,33.8
4274,10.07,RAIN,medium,low,2.4,2,6,48.4
4275,12.43,RAIN,high,low,4.4,7,2,54.7
4276,12.05,Sunny,high,low,4.4,0,3,48.1
4277,8.63,rain,high,medium,3.5,7,0,56.6
4278,7.42,Sunny,high,medium,1.9,22,2,38.5
4279,3.41,sunny,HIGH,high,0.5,19,1,36.4
4280,8.44,Sunny,HIGH,medium,9.7,10,3,39.3
4281,4.09,sunny,medium,high,9.5,6,4,20.9
4282,14.95,snow,HIGH,low,5.1,15,2,69.4
4283,4.97,sunny,low,low,10.0,6,6,5.0
4284,2.11,RAIN,medium,high,6.9,12,5,21.6
4285,11.49,,high,low,1.2,9,2,46.2
4286,12.31,sunny,high,high,1.6,16,5,59.9
4287,17.57,rain,HIGH,high,9.2,2,6,82.2
4288,11.96,snow,medium,high,6.5,6,6,79.5
4289,7.56,rain,HIGH,medium,8.5,10,5,46.8
4290,16.26,rain,HIGH,high,9.0,12,0,83.3
4291,11.27,rain,HIGH,high,4.8,4,3,70.1
4292,2.51,snow,medium,high,1.0,22,5,38.1
4293,11.75,snow,high,medium,2.3,18,0,75.1
4294,18.25,snow,low,low,1.1,14,0,70.0
4295,8.53,snow,high,medium,2.3,0,5,60.7
4296,6.63,rain,medium,high,4.4,4,3,43.5
4297,3.73,RAIN,high,medium,1.6,12,1,44.4
4298,3.88,RAIN,high,low,2.1,9,6,32.6
4299,9.22,,low,low,4.7,4,2,46.3
4300,12.32,Sunny,high,high,3.7,22,0,63.4
4301,2.53,sunny,high,low,4.9,0,2,18.3
4302,18.85,Sunny,high,medium,4.6,9,3,72.7
4303,15.35,Sunny,HIGH,medium,6.6,17,1,66.6
4304,12.15,Sunny,medium,low,9.4,21,4,26.7
4305,16.74,RAIN,medium,high,1.5,7,6,75.2
4306,2.52,,low,high,1.4,19,6,19.3
4307,10.06,Sunny,HIGH,medium,8.6,2,1,44.4
4308,12.97,snow,HIGH,low,5.3,18,3,70.7
4309,16.74,RAIN,high,medium,7.8,18,1,70.1
4310,15.89,snow,medium,medium,2.5,1,6,81.2
4311,6.26,snow,low,medium,8.4,16,4,30.8
4312,18.88,Sunny,HIGH,high,9.3,15,0,79.0
4313,3.36,snow,high,low,6.5,20,1,39.1
4314,17.63,sunny,low,low,1.5,9,5,51.2
4315,19.45,snow,HIGH,high,9.0,20,5,99.9
4316,4.37,Sunny,low,medium,8.0,15,3,9.9
4317,14.72,snow,HIGH,medium,7.6,4,6,78.3
4318,1.77,RAIN,low,high,0.8,19,6,41.4
4319,8.7,RAIN,HIGH,low,8.1,2,1,45.9
4320,10.81,RAIN,HIGH,high,1.8,2,4,67.6
4321,12.03,rain,low,low,2.6,1,3,41.4
4322,18.78,RAIN,HIGH,low,6.0,20,1,80.2
4323,13.77,RAIN,HIGH,low,3.0,3,3,60.7
4324,10.14,rain,HIGH,medium,6.8,21,5,62.8
4325,16.38,RAIN,low,medium,6.3,17,4,62.4
4326,19.06,Sunny,low,high,1.5,1,0,63.6
4327,1.42,RAIN,HIGH,high,6.7,23,4,40.6
4328,19.67,RAIN,HIGH,medium,9.3,5,0,69.1
4329,2.64,rain,low,high,2.0,2,6,28.8
4330,16.47,Sunny,high,medium,6.2,20,2,68.2
4331,6.33,snow,HIGH,medium,3.7,2,5,47.2
4332,3.51,sunny,high,low,4.9,1,6,29.8
4333,9.36,Sunny,low,low,3.2,2,5,29.1
4334,13.24,snow,HIGH,medium,3.9,16,5,72.1
4335,8.24,Sunny,high,low,0.8,13,4,46.4
4336,2.04,snow,low,medium,9.8,6,0,11.8
4337,12.39,snow,high,low,6.4,21,2,59.5
4338,18.15,Sunny,medium,high,5.3,20,2,61.0
4339,8.28,rain,low,high,4.1,5,2,35.0
4340,5.11,Sunny,medium,medium,5.6,7,6,18.9
4341,9.41,Sunny,low,medium,4.1,18,3,31.3
4342,1.92,snow,low,low,3.9,18,4,21.9
4343,16.59,sunny,HIGH,low,4.9,11,4,59.5
4344,16.7,snow,medium,medium,3.1,4,6,78.6
4345,12.17,RAIN,medium,high,2.2,4,5,58.0
4346,7.71,Sunny,medium,high,5.8,13,4,33.7
4347,16.2,Sunny,low,medium,8.5,16,4,31.6
4348,11.54,,medium,high,2.0,15,3,67.6
4349,16.69,snow,medium,medium,0.8,3,4,81.6
4350,13.0,rain,HIGH,low,2.8,7,0,61.0
4351,15.9,Sunny,high,high,9.8,2,6,69.8
4352,12.37,snow,high,high,8.4,20,2,81.3
4353,8.87,snow,medium,low,6.2,4,3,42.4
4354,19.2,RAIN,medium,low,9.3,22,3,60.9
4355,11.28,RAIN,medium,high,4.7,23,5,66.0
4356,12.5,sunny,medium,high,9.8,6,4,42.8
4357,5.19,RAIN,high,medium,3.3,17,2,51.4
4358,12.89,snow,HIGH,medium,2.8,23,6,75.6
4359,11.86,RAIN,low,high,6.6,7,0,43.1
4360,4.51,sunny,medium,medium,4.1,10,6,21.1
4361,2.13,Sunny,medium,low,6.5,13,2,5.0
4362,12.48,RAIN,high,medium,3.4,17,6,58.6
4363,15.51,,medium,medium,6.4,12,1,70.4
4364,10.94,Sunny,HIGH,high,3.1,5,2,56.7
4365,5.31,snow,HIGH,medium,1.0,12,0,66.1
4366,13.66,Sunny,medium,high,9.2,0,0,54.8
4367,2.52,snow,high,high,8.9,10,0,42.1
4368,9.39,RAIN,medium,high,9.7,6,3,42.8
4369,4.1,RAIN,medium,low,7.3,9,6,23.5
4370,4.5,sunny,high,medium,7.0,1,3,33.2
4371,4.84,Sunny,HIGH,medium,5.8,15,1,27.9
4372,8.35,sunny,low,medium,1.7,4,2,27.6
4373,1.97,rain,medium,high,2.3,15,4,32.5
4374,8.56,RAIN,HIGH,low,3.2,22,5,48.3
4375,10.72,Sunny,medium,high,9.0,15,1,45.0
4376,10.18,sunny,low,medium,2.1,14,6,38.9
4377,8.27,sunny,high,high,9.3,8,4,38.4
4378,16.94,,HIGH,high,5.5,0,6,82.4
4379,3.76,sunny,low,medium,7.3,8,4,5.0
4380,10.61,snow,medium,high,1.5,10,1,69.9
4381,2.18,RAIN,low,high,3.1,4,2,20.9
4382,2.35,sunny,HIGH,low,9.6,5,5,6.9
4383,11.9,sunny,high,high,3.0,7,4,67.6
4384,11.75,rain,medium,low,3.3,14,3,48.2
4385,17.68,snow,high,medium,2.4,15,3,93.9
4386,11.6,sunny,high,low,1.7,17,1,47.8
4387,19.24,RAIN,low,high,2.7,11,5,86.5
4388,1.93,RAIN,low,medium,6.6,22,5,11.7
4389,2.86,sunny,HIGH,high,4.8,3,6,33.6
4390,1.84,snow,HIGH,high,5.8,21,4,49.1
4391,4.52,RAIN,high,low,1.7,15,1,34.8
4392,11.28,RAIN,HIGH,high,8.1,22,5,74.8
4393,13.27,snow,high,low,7.9,10,5,59.2
4394,1.87,,,medium,0.7,21,3,27.5
4395,18.97,sunny,high,medium,4.1,23,1,74.5
4396,17.0,Sunny,HIGH,high,1.2,21,4,76.5
4397,6.64,rain,HIGH,low,8.0,6,4,23.7
4398,2.47,Sunny,high,high,7.5,23,3,30.3
4399,4.23,Sunny,low,high,9.1,14,6,18.0
4400,3.41,RAIN,high,high,2.7,16,0,52.6
4401,3.34,snow,high,high,4.8,14,0,51.5
4402,10.85,RAIN,low,low,2.3,9,5,30.5
4403,5.67,rain,medium,high,4.0,3,2,37.5
4404,7.8,sunny,low,medium,5.5,21,3,14.2
4405,19.8,rain,HIGH,low,1.0,16,2,90.7
4406,14.0,RAIN,low,high,7.3,3,5,63.3
4407,19.03,RAIN,HIGH,low,5.7,21,6,81.7
4408,3.71,RAIN,HIGH,high,8.4,22,3,44.4
4409,8.26,RAIN,high,medium,3.1,21,4,46.1
4410,11.54,Sunny,high,medium,9.1,10,6,43.7
4411,2.46,sunny,medium,medium,10.0,3,3,11.3
4412,1.08,Sunny,HIGH,low,9.2,11,1,5.0
4413,13.74,RAIN,high,medium,7.9,22,2,65.9
4414,13.19,snow,HIGH,high,8.2,9,3,83.6
4415,8.8,Sunny,medium,high,6.0,13,2,50.5
4416,10.3,RAIN,HIGH,high,2.3,17,6,72.9
4417,8.89,RAIN,medium,low,6.9,5,5,35.8
4418,1.46,sunny,medium,low,7.3,4,3,5.0
4419,7.37,rain,medium,medium,9.9,1,0,34.9
4420,4.36,Sunny,high,low,5.6,12,2,24.4
4421,2.87,Sunny,low,high,3.1,22,4,9.5
4422,19.18,Sunny,low,high,7.0,13,4,65.2
4423,12.39,RAIN,high,high,9.8,2,3,52.2
4424,14.84,sunny,HIGH,low,2.2,22,4,45.6
4425,6.99,RAIN,high,high,3.6,10,6,56.9
4426,8.47,RAIN,HIGH,medium,5.6,21,4,53.1
4427,5.5,snow,medium,low,2.1,22,2,32.4
4428,2.84,sunny,high,high,0.7,3,6,43.1
4429,4.4,Sunny,low,high,3.7,12,3,31.4
4430,16.15,rain,HIGH,low,8.7,7,2,67.0
4431,13.87,Sunny,high,low,0.9,7,3,55.4
4432,11.39,RAIN,high,medium,4.6,22,4,62.2
4433,10.03,sunny,HIGH,low,7.7,12,6,36.4
4434,18.53,sunny,medium,high,9.6,22,3,65.1
4435,2.38,sunny,medium,medium,9.9,9,5,5.0
4436,6.33,snow,medium,high,4.5,12,3,51.7
4437,7.65,Sunny,medium,high,9.5,12,1,31.8
4438,15.87,snow,HIGH,high,0.8,23,3,98.3
4439,19.86,rain,low,low,7.6,16,1,63.4
4440,5.57,RAIN,high,low,6.6,5,2,28.8
4441,17.61,snow,high,high,2.9,1,1,98.5
4442,16.78,snow,medium,low,5.3,16,6,67.6
4443,5.27,,HIGH,high,1.7,11,2,63.6
4444,8.59,sunny,low,low,8.8,22,3,16.5
4445,8.78,RAIN,low,low,3.9,5,2,35.0
4446,19.59,Sunny,high,low,6.4,4,4,71.1
4447,4.44,RAIN,medium,medium,2.0,4,5,37.2
4448,16.18,sunny,high,low,2.5,8,3,50.4
4449,7.35,RAIN,high,medium,9.9,21,6,41.3
4450,14.89,,low,medium,7.7,2,1,65.8
4451,8.98,rain,HIGH,medium,9.6,22,5,48.1
4452,11.99,snow,low,high,3.3,19,0,58.7
4453,16.82,rain,high,low,2.1,4,5,67.7
4454,16.28,RAIN,medium,high,5.3,6,3,68.0
4455,17.46,Sunny,medium,medium,5.2,11,6,59.8
4456,2.13,RAIN,HIGH,low,2.2,6,6,29.9
4457,14.15,sunny,HIGH,high,7.5,9,5,71.1
4458,3.66,RAIN,HIGH,medium,3.9,7,5,38.4
4459,8.9,rain,high,high,2.3,16,4,65.0
4460,11.42,snow,high,high,3.7,4,2,73.1
4461,8.65,Sunny,HIGH,low,5.9,14,5,33.1
4462,10.87,RAIN,medium,low,7.4,8,1,50.1
4463,19.93,RAIN,medium,high,5.1,22,6,85.4
4464,3.57,snow,medium,low,5.5,10,1,26.3
4465,13.83,Sunny,high,low,1.8,12,4,56.4
4466,8.52,RAIN,low,high,9.2,17,5,44.7
4467,3.53,RAIN,medium,low,9.3,16,5,16.9
4468,4.02,rain,medium,low,7.0,23,4,22.8
4469,19.04,rain,medium,medium,0.7,8,3,83.1
4470,17.71,sunny,HIGH,low,5.6,9,0,62.2
4471,18.23,snow,high,medium,6.5,4,0,90.5
4472,19.84,Sunny,HIGH,high,9.9,10,2,74.6
4473,4.96,RAIN,HIGH,medium,10.0,21,1,31.8
4474,7.75,RAIN,low,high,8.6,14,3,37.5
4475,13.72,sunny,HIGH,low,1.1,1,1,48.2
4476,10.19,RAIN,low,low,9.6,20,3,30.9
4477,8.95,snow,HIGH,medium,6.3,19,4,57.3
4478,7.8,sunny,medium,high,8.1,23,2,34.6
4479,12.28,snow,high,low,4.4,23,4,69.1
4480,11.94,sunny,HIGH,medium,3.5,13,1,47.0
4481,4.07,RAIN,low,medium,4.9,4,6,25.4
4482,9.96,sunny,high,medium,1.9,23,2,39.3
4483,11.52,rain,low,low,3.9,5,5,42.8
4484,11.84,,medium,high,8.6,21,6,48.2
4485,4.99,RAIN,HIGH,low,0.9,14,3,42.2
4486,15.1,Sunny,high,low,1.9,3,3,59.7
4487,1.48,RAIN,medium,high,1.7,9,2,29.8
4488,7.74,Sunny,HIGH,medium,4.3,18,4,37.6
4489,15.82,,HIGH,low,10.0,8,2,57.4
4490,11.71,Sunny,low,medium,2.1,20,4,44.8
4491,5.96,sunny,low,medium,1.9,9,2,31.1
4492,14.2,Sunny,medium,high,9.2,3,4,52.0
4493,11.78,RAIN,low,high,8.9,21,0,44.7
4494,16.13,snow,medium,high,0.8,3,2,86.0
4495,14.97,Sunny,medium,medium,7.6,5,4,52.7
4496,12.59,Sunny,medium,medium,6.7,7,5,44.5
4497,10.28,Sunny,,low,7.8,15,1,21.6
4498,3.53,RAIN,high,medium,5.2,7,6,35.0
4499,5.97,Sunny,medium,high,9.9,15,6,17.6
4500,8.96,RAIN,high,high,0.9,5,6,64.7
4501,12.39,RAIN,HIGH,high,2.7,16,1,72.0
4502,10.76,snow,low,high,4.3,0,2,60.0
4503,6.48,sunny,low,medium,4.8,18,2,22.1
4504,1.12,RAIN,high,high,9.3,17,3,41.0
4505,10.43,rain,HIGH,low,5.8,16,4,49.4
4506,6.43,Sunny,HIGH,medium,0.9,16,2,43.2
4507,14.96,rain,medium,high,4.4,11,1,69.3
4508,1.45,Sunny,low,low,4.5,11,1,5.0
4509,12.11,snow,HIGH,high,9.7,5,6,80.4
4510,18.89,RAIN,HIGH,medium,6.2,6,1,83.1
4511,4.31,sunny,medium,medium,6.5,7,4,21.0
4512,9.96,RAIN,medium,low,7.3,2,0,42.3
4513,2.74,Sunny,high,medium,7.8,16,2,22.7
4514,12.89,sunny,low,low,6.5,20,6,32.1
4515,11.46,RAIN,HIGH,high,,7,0,74.7
4516,8.74,sunny,high,medium,8.8,10,4,34.4
4517,10.91,Sunny,,high,7.5,19,6,35.6
4518,18.03,snow,high,high,7.5,17,5,91.3
4519,4.73,,low,medium,10.0,15,2,26.7
4520,1.43,RAIN,low,high,8.1,12,3,13.6
4521,17.37,rain,,low,8.4,8,2,58.7
4522,11.97,Sunny,low,low,9.5,18,2,20.4
4523,17.92,RAIN,medium,low,1.9,6,2,54.7
4524,12.34,RAIN,HIGH,medium,5.2,16,6,64.2
4525,16.39,,medium,high,6.0,7,6,82.5
4526,9.16,,high,high,3.6,7,2,56.9
4527,15.25,Sunny,high,high,8.5,2,5,60.9
4528,18.35,sunny,low,high,7.7,15,2,63.3
4529,11.87,Sunny,low,low,,11,4,22.8
4530,4.43,,medium,medium,10.0,14,2,27.2
4531,6.11,snow,medium,low,3.0,20,5,30.6
4532,4.77,rain,medium,low,7.5,3,4,19.1
4533,5.69,RAIN,high,medium,,22,2,40.2
4534,6.82,snow,medium,medium,3.5,6,2,52.2
4535,11.55,RAIN,HIGH,low,2.0,10,4,61.2
4536,12.17,rain,HIGH,high,9.0,23,2,71.8
4537,9.1,Sunny,high,medium,6.2,4,5,31.8
4538,12.69,RAIN,medium,medium,8.3,12,6,57.6
4539,2.55,sunny,medium,low,5.7,10,1,5.0
4540,2.67,Sunny,low,high,2.6,4,2,28.4
4541,4.26,Sunny,HIGH,medium,3.7,7,3,41.5
4542,10.84,rain,high,low,4.1,20,4,58.6
4543,5.07,rain,medium,medium,9.7,16,5,21.3
4544,6.38,snow,low,high,0.6,10,2,47.2
4545,8.61,snow,high,low,9.9,18,2,45.4
4546,16.43,sunny,high,low,9.8,17,4,55.4
4547,1.26,Sunny,HIGH,high,10.0,9,0,16.5
4548,13.34,sunny,medium,low,5.0,4,5,29.7
4549,13.71,sunny,high,high,9.7,23,5,64.9
4550,16.17,rain,low,low,4.3,0,1,50.3
4551,18.72,sunny,low,high,0.7,16,6,74.9
4552,1.38,sunny,high,medium,2.6,16,6,26.9
4553,3.92,RAIN,low,medium,9.5,0,1,18.3
4554,17.84,snow,high,medium,0.6,0,2,99.0
4555,9.71,snow,low,low,5.7,22,4,49.7
4556,11.73,Sunny,high,high,1.2,21,3,67.6
4557,13.6,snow,high,high,3.2,8,2,90.9
4558,13.9,Sunny,high,medium,1.3,3,1,64.1
4559,18.7,RAIN,low,medium,8.7,8,2,60.5
4560,19.94,snow,high,medium,6.1,13,4,96.0
4561,14.68,RAIN,HIGH,high,9.1,14,5,74.2
4562,6.46,snow,high,medium,-5.0,15,5,55.4
4563,17.72,snow,medium,low,9.7,15,5,68.2
4564,1.94,RAIN,medium,medium,5.3,12,5,19.2
4565,5.39,sunny,HIGH,medium,6.6,13,6,35.9
4566,18.05,sunny,high,high,6.0,21,3,74.3
4567,5.87,sunny,medium,low,5.1,20,0,18.5
4568,5.19,sunny,high,high,8.5,8,6,37.9
4569,3.62,snow,medium,low,6.6,22,3,22.7
4570,17.32,rain,low,low,8.1,8,2,60.0
4571,10.5,RAIN,low,medium,8.0,20,1,38.7
4572,13.82,rain,HIGH,medium,2.3,3,4,65.7
4573,5.54,rain,HIGH,high,6.7,9,2,48.6
4574,15.4,Sunny,high,high,2.4,2,0,68.4
4575,15.44,sunny,HIGH,high,6.0,20,4,66.2
4576,6.94,snow,high,low,6.9,8,4,44.5
4577,8.8,sunny,low,high,10.0,18,4,28.7
4578,4.98,sunny,low,low,0.8,15,2,20.8
4579,19.55,rain,medium,low,1.4,15,0,72.5
4580,13.27,Sunny,high,low,1.2,16,2,54.2
4581,18.76,sunny,low,low,4.3,17,4,48.7
4582,6.76,RAIN,low,low,8.3,9,4,21.7
4583,15.86,RAIN,high,medium,8.5,20,6,69.2
4584,15.55,sunny,medium,low,7.5,18,1,42.2
4585,14.14,rain,medium,low,9.0,21,3,50.2
4586,19.35,rain,,medium,3.6,14,2,71.0
4587,8.48,snow,medium,medium,1.3,14,0,62.2
4588,3.48,Sunny,low,medium,1.1,10,6,5.0
4589,13.76,rain,high,high,8.6,7,4,70.5
4590,14.86,snow,high,high,7.4,21,2,92.5
4591,11.93,RAIN,low,low,7.1,15,3,43.3
4592,4.93,RAIN,low,low,3.7,9,2,21.1
4593,10.58,RAIN,low,low,4.1,8,3,32.8
4594,6.93,sunny,HIGH,low,9.6,14,2,23.6
4595,9.12,Sunny,high,medium,1.1,21,1,61.0
4596,13.26,snow,high,high,7.9,4,2,83.8
4597,15.16,Sunny,high,medium,3.4,19,6,54.9
4598,5.41,sunny,medium,high,0.9,1,5,35.6
4599,8.7,snow,low,medium,7.6,21,1,41.0
4600,6.11,snow,low,low,3.6,15,3,27.7
4601,4.77,rain,low,high,7.4,17,4,32.8
4602,15.88,Sunny,HIGH,low,7.2,15,4,49.1
4603,18.28,Sunny,high,high,5.6,4,2,85.9
4604,8.03,rain,,high,,0,0,46.3
4605,15.27,RAIN,HIGH,low,6.0,18,2,60.0
4606,18.04,sunny,low,low,3.2,9,1,46.3
4607,17.08,Sunny,medium,low,7.5,20,1,50.6
4608,4.47,rain,high,medium,6.1,12,3,43.2
4609,19.17,snow,HIGH,high,0.6,22,2,105.5
4610,8.16,rain,low,high,9.1,23,3,43.5
4611,7.45,RAIN,high,high,5.7,22,0,63.8
4612,2.19,sunny,HIGH,low,8.8,22,4,12.7
4613,10.24,RAIN,high,high,8.9,10,4,54.9
4614,3.07,snow,high,high,4.7,14,2,57.5
4615,5.72,snow,medium,low,5.3,1,3,36.5
4616,7.02,snow,high,low,4.4,5,3,49.2
4617,16.37,snow,HIGH,high,4.8,20,0,97.1
4618,17.63,rain,high,medium,9.0,10,3,80.1
4619,6.75,snow,,low,8.0,14,5,46.6
4620,17.32,snow,high,medium,1.7,8,5,80.5
4621,17.29,rain,low,medium,6.3,11,1,61.9
4622,15.53,snow,medium,medium,10.0,3,5,67.7
4623,3.79,RAIN,low,medium,6.2,22,5,33.9
4624,14.12,RAIN,medium,low,8.0,23,1,48.4
4625,18.96,Sunny,HIGH,high,7.8,13,5,76.7
4626,13.97,RAIN,medium,high,3.8,21,5,70.8
4627,7.3,sunny,high,low,4.0,2,1,30.6
4628,10.51,sunny,high,low,7.4,20,2,34.2
4629,13.27,sunny,low,medium,5.2,16,6,32.6
4630,10.7,rain,medium,medium,5.9,12,1,44.0
4631,3.28,RAIN,HIGH,low,7.3,7,1,16.5
4632,6.93,sunny,HIGH,high,7.9,11,5,42.7
4633,16.25,Sunny,high,medium,3.1,11,4,68.1
4634,17.37,rain,HIGH,low,1.9,11,6,78.3
4635,3.61,Sunny,high,low,3.3,1,5,16.7
4636,19.1,RAIN,high,low,5.3,9,2,68.7
4637,7.25,snow,high,medium,3.8,22,1,69.5
4638,13.58,Sunny,low,low,5.9,8,0,33.3
4639,15.28,snow,low,high,1.0,0,1,83.1
4640,16.43,rain,high,low,5.3,3,6,68.6
4641,18.97,Sunny,high,medium,4.0,22,2,77.8
4642,6.95,Sunny,high,high,5.6,13,6,45.3
4643,17.31,rain,HIGH,high,4.5,15,3,82.5
4644,3.5,rain,high,low,3.2,17,6,34.4
4645,14.4,sunny,high,low,9.1,1,5,48.8
4646,15.1,RAIN,medium,high,2.3,5,4,64.1
4647,13.88,Sunny,medium,low,7.0,2,4,39.7
4648,5.79,Sunny,medium,medium,9.3,19,5,16.3
4649,17.59,rain,,high,5.6,18,5,72.7
4650,4.21,rain,high,low,8.8,12,2,31.9
4651,2.02,RAIN,medium,high,1.7,16,1,33.7
4652,14.63,rain,HIGH,low,5.2,13,0,62.4
4653,10.03,snow,HIGH,low,4.8,21,1,59.8
4654,17.13,snow,,medium,0.6,10,1,82.5
4655,8.28,snow,low,low,4.7,15,0,38.7
4656,4.2,snow,,low,4.0,10,4,50.1
4657,16.89,RAIN,HIGH,low,6.9,17,1,64.0
4658,11.43,Sunny,medium,medium,9.4,1,3,26.3
4659,4.59,snow,medium,low,1.3,22,3,37.4
4660,14.69,rain,high,low,3.6,20,2,60.1
4661,10.71,snow,HIGH,low,4.7,7,2,56.0
4662,12.48,RAIN,medium,high,4.8,13,6,61.6
4663,9.76,rain,medium,medium,7.9,1,0,43.2
4664,16.75,snow,high,high,4.7,12,0,93.7
4665,16.76,Sunny,HIGH,medium,0.8,9,2,69.0
4666,14.48,rain,medium,medium,7.2,7,5,55.8
4667,3.0,rain,high,high,8.9,6,1,38.1
4668,16.94,Sunny,medium,medium,5.4,12,5,56.3
4669,13.75,rain,low,medium,6.0,23,4,42.1
4670,14.24,snow,low,high,2.0,18,3,79.7
4671,7.9,rain,medium,low,2.6,23,0,28.3
4672,17.71,snow,HIGH,medium,2.7,14,2,88.5
4673,14.78,Sunny,low,high,4.6,21,3,46.0
4674,3.14,sunny,high,medium,9.3,1,5,21.1
4675,8.75,Sunny,medium,high,5.5,21,0,36.1
4676,17.84,,high,low,2.3,4,0,84.8
4677,1.9,RAIN,low,medium,3.0,18,6,15.4
4678,19.27,Sunny,HIGH,low,4.1,0,1,62.6
4679,13.9,RAIN,high,low,6.4,6,0,46.5
4680,13.0,RAIN,low,high,4.7,17,4,55.4
4681,6.14,snow,low,medium,4.2,0,0,34.3
4682,5.73,snow,low,medium,5.9,0,4,39.7
4683,18.9,sunny,high,medium,2.8,6,5,85.7
4684,6.67,rain,low,medium,1.2,16,6,44.7
4685,15.73,Sunny,medium,medium,0.7,5,1,57.9
4686,8.47,snow,low,high,2.9,19,6,53.0
4687,3.65,Sunny,medium,medium,1.4,11,4,11.5
4688,1.2,RAIN,HIGH,low,3.7,19,5,22.1
4689,11.34,rain,medium,low,7.8,14,3,35.1
4690,19.54,sunny,HIGH,medium,7.3,12,6,68.2
4691,8.01,Sunny,HIGH,high,6.3,11,6,38.3
4692,7.79,rain,medium,high,8.6,20,0,46.6
4693,7.54,sunny,HIGH,medium,3.2,1,6,43.3
4694,10.89,Sunny,medium,low,8.9,20,2,22.4
4695,9.37,rain,high,medium,4.3,17,2,59.2
4696,17.72,snow,,medium,4.3,3,4,90.3
4697,10.6,Sunny,medium,medium,4.4,9,1,41.2
4698,10.65,rain,HIGH,high,1.4,10,4,74.1
4699,3.63,sunny,,high,9.8,20,6,16.0
4700,19.67,rain,medium,low,1.8,5,6,67.7
4701,5.75,snow,low,low,3.7,5,5,38.1
4702,2.39,Sunny,HIGH,medium,3.5,8,6,28.8
4703,13.6,Sunny,HIGH,low,1.2,19,5,58.3
4704,12.31,Sunny,high,medium,1.9,12,6,50.0
4705,8.89,snow,,low,0.9,4,6,43.3
4706,9.02,sunny,low,medium,3.3,5,4,37.7
4707,15.92,Sunny,high,high,8.7,3,4,64.1
4708,4.72,sunny,HIGH,medium,3.7,5,3,33.0
4709,16.58,rain,HIGH,high,1.7,17,5,93.7
4710,13.33,,high,high,6.6,12,3,70.2
4711,8.96,sunny,low,low,10.0,22,4,17.8
4712,9.7,Sunny,HIGH,low,2.7,2,1,38.2
4713,5.88,RAIN,HIGH,high,3.2,9,0,52.4
4714,15.29,RAIN,medium,medium,9.7,3,5,58.1
4715,10.74,,high,medium,2.2,14,2,72.5
4716,7.1,snow,HIGH,low,5.4,11,3,46.2
4717,12.32,RAIN,low,medium,2.8,14,5,37.3
4718,19.92,rain,medium,medium,9.4,20,0,66.8
4719,9.27,Sunny,high,medium,9.8,9,3,37.0
4720,18.49,Sunny,low,high,8.2,11,5,60.6
4721,7.56,rain,HIGH,high,3.5,21,3,67.0
4722,2.04,rain,high,medium,4.3,7,3,38.3
4723,4.88,RAIN,high,low,2.8,20,4,34.0
4724,8.96,snow,low,medium,9.0,20,6,45.6
4725,5.17,rain,high,low,9.2,2,4,16.1
4726,1.0,snow,low,high,4.5,6,3,38.7
4727,18.39,sunny,,medium,6.7,17,3,66.6
4728,17.03,Sunny,medium,medium,2.1,2,6,61.5
4729,15.1,RAIN,low,low,4.6,14,2,49.9
4730,4.19,Sunny,medium,low,6.5,1,0,14.9
4731,3.29,RAIN,high,medium,4.2,14,6,35.1
4732,2.28,sunny,low,medium,3.9,12,0,13.3
4733,14.76,Sunny,HIGH,low,0.5,23,1,60.5
4734,18.65,sunny,low,high,8.1,19,6,61.8
4735,9.18,RAIN,low,low,8.9,9,1,26.3
4736,3.26,rain,low,medium,9.7,23,1,12.6
4737,10.74,Sunny,medium,high,7.3,23,4,42.6
4738,7.63,sunny,medium,high,5.7,23,4,34.1
4739,8.12,Sunny,high,high,3.1,23,2,52.7
4740,12.81,Sunny,high,high,10.0,7,4,50.8
4741,14.66,Sunny,high,medium,6.1,15,1,59.0
4742,3.1,snow,high,high,7.0,15,5,58.5
4743,1.68,sunny,low,low,7.0,1,3,5.0
4744,19.89,sunny,medium,low,8.5,8,1,56.7
4745,5.42,Sunny,medium,low,0.6,7,2,8.9
4746,2.02,rain,medium,medium,2.6,10,3,17.0
4747,4.61,Sunny,medium,high,6.8,0,4,25.0
4748,1.74,snow,high,low,9.0,20,3,29.0
4749,8.44,RAIN,low,low,7.0,10,5,27.1
4750,16.25,snow,medium,low,4.4,17,2,79.4
4751,7.48,rain,HIGH,high,3.9,20,4,54.8
4752,9.44,Sunny,low,low,7.5,14,0,19.7
4753,13.84,sunny,HIGH,high,7.5,23,1,58.9
4754,10.67,Sunny,low,high,6.3,8,6,43.1
4755,17.37,rain,low,high,3.3,8,5,67.4
4756,17.45,sunny,low,medium,9.3,0,5,44.7
4757,1.19,snow,HIGH,medium,5.7,6,6,34.2
4758,15.78,,medium,high,8.0,11,1,71.9
4759,9.75,,medium,high,2.5,23,2,56.9
4760,19.79,Sunny,HIGH,medium,3.8,9,2,78.2
4761,10.18,snow,medium,medium,8.8,18,5,51.0
4762,19.75,rain,high,high,1.0,15,1,104.1
4763,15.34,,medium,medium,,5,3,60.8
4764,5.72,snow,high,low,5.1,10,0,55.9
4765,11.23,Sunny,high,high,7.6,18,0,60.9
4766,19.85,sunny,high,high,3.2,18,2,78.3
4767,17.29,Sunny,HIGH,medium,2.6,17,2,73.9
4768,2.85,Sunny,medium,low,9.3,14,3,8.7
4769,14.42,snow,medium,medium,5.9,15,2,66.1
4770,7.57,RAIN,HIGH,low,1.5,13,0,48.0
4771,1.13,snow,HIGH,low,2.3,7,1,28.2
4772,8.67,sunny,medium,high,10.0,7,5,29.0
4773,5.46,snow,HIGH,low,2.4,1,0,47.2
4774,16.56,rain,HIGH,high,6.3,5,3,75.3
4775,7.41,Sunny,high,low,4.5,12,1,32.1
4776,16.72,RAIN,HIGH,high,8.9,12,1,82.7
4777,1.01,sunny,high,low,7.7,20,5,5.0
4778,6.85,Sunny,low,medium,6.2,11,0,13.4
4779,5.58,snow,high,low,0.6,1,6,43.1
4780,5.44,rain,high,medium,,20,1,43.7
4781,2.3,snow,HIGH,low,4.7,19,1,27.5
4782,4.56,Sunny,medium,low,9.3,11,2,9.0
4783,11.56,sunny,low,high,,16,1,50.0
4784,6.54,RAIN,low,low,7.1,5,3,16.2
4785,8.93,Sunny,low,low,,6,1,21.1
4786,8.16,sunny,medium,low,7.6,5,2,21.2
4787,17.64,Sunny,low,medium,3.7,20,4,56.7
4788,18.2,rain,low,high,3.8,3,4,72.5
4789,10.37,snow,medium,high,1.6,20,3,67.7
4790,7.27,RAIN,low,low,1.9,8,5,30.0
4791,3.03,sunny,HIGH,low,2.3,4,5,19.3
4792,19.11,,HIGH,medium,3.6,9,6,83.2
4793,2.14,RAIN,high,low,9.0,14,6,30.3
4794,6.66,RAIN,high,high,4.0,7,3,60.2
4795,6.66,sunny,high,high,7.4,22,1,46.6
4796,7.09,sunny,HIGH,medium,1.3,3,1,40.0
4797,262.66474919762004,RAIN,HIGH,medium,6.1,4,4,28.4
4798,15.88,snow,HIGH,high,5.1,6,4,103.9
4799,3.33,Sunny,high,medium,9.8,5,0,17.1
4800,13.06,RAIN,high,low,8.5,12,4,55.5
4801,3.35,rain,high,low,4.8,18,6,33.2
4802,2.34,RAIN,high,medium,7.9,9,4,26.6
4803,18.28,sunny,high,high,2.3,14,3,86.6
4804,4.61,Sunny,high,medium,5.8,2,0,28.9
4805,16.6,rain,HIGH,high,1.2,17,5,87.0
4806,11.35,Sunny,medium,medium,3.8,13,0,38.6
4807,2.48,Sunny,medium,medium,2.6,2,1,11.3
4808,19.15,rain,high,medium,7.3,10,1,71.4
4809,5.69,RAIN,medium,low,5.2,9,0,39.9
4810,17.33,RAIN,medium,low,7.6,16,0,65.2
4811,4.21,RAIN,HIGH,high,5.4,12,1,46.7
4812,17.22,snow,high,medium,1.3,1,6,99.9
4813,1.25,RAIN,high,low,7.5,12,3,26.9
4814,10.72,rain,medium,medium,8.4,18,3,47.1
4815,15.62,snow,high,high,9.1,4,3,84.2
4816,18.76,RAIN,high,low,5.9,15,3,79.6
4817,18.27,snow,high,high,7.7,9,1,100.1
4818,16.57,rain,high,low,7.6,11,6,69.5
4819,17.88,RAIN,medium,medium,2.0,19,2,71.6
4820,4.79,sunny,low,high,2.1,12,4,28.7
4821,6.4,rain,medium,low,1.2,20,4,34.1
4822,6.49,Sunny,HIGH,low,3.5,15,4,28.4
4823,8.16,Sunny,low,medium,5.0,21,4,27.3
4824,8.47,rain,low,high,10.0,20,1,44.7
4825,11.35,Sunny,low,high,4.6,0,2,51.2
4826,4.04,rain,medium,high,7.4,21,1,35.7
4827,14.13,,HIGH,medium,7.1,8,2,55.0
4828,4.18,rain,medium,low,2.4,15,1,28.9
4829,6.9,RAIN,,low,1.1,18,6,40.0
4830,10.56,RAIN,medium,high,5.7,14,0,53.0
4831,16.13,snow,medium,low,7.2,17,2,71.1
4832,15.05,Sunny,medium,high,10.0,21,4,62.5
4833,13.27,Sunny,low,medium,3.9,11,2,47.8
4834,3.96,rain,medium,medium,9.0,13,5,22.7
4835,11.39,Sunny,HIGH,medium,4.1,2,3,40.3
4836,2.66,RAIN,HIGH,high,,3,2,43.5
4837,8.17,sunny,HIGH,low,6.2,5,5,34.7
4838,8.86,rain,low,medium,1.0,15,3,45.1
4839,1.76,Sunny,medium,high,1.2,12,5,16.7
4840,6.21,RAIN,,high,0.7,11,3,46.1
4841,19.16,snow,high,medium,4.0,21,0,104.0
4842,19.12,,low,medium,7.6,11,2,50.1
4843,7.69,sunny,HIGH,medium,2.1,1,5,45.4
4844,1.82,sunny,HIGH,low,6.3,12,6,9.6
4845,4.4,Sunny,medium,low,3.2,2,0,16.9
4846,8.45,Sunny,HIGH,high,8.1,12,4,44.6
4847,19.01,RAIN,medium,medium,8.1,1,2,75.3
4848,3.68,Sunny,medium,medium,7.9,18,1,13.8
4849,15.51,snow,high,low,5.5,8,1,79.9
4850,3.06,RAIN,low,medium,3.2,19,1,32.9
4851,19.64,rain,medium,high,8.2,0,6,84.0
4852,8.25,snow,medium,medium,2.3,12,5,56.9
4853,15.73,RAIN,medium,low,3.3,1,5,64.0
4854,7.51,RAIN,high,high,2.2,14,3,62.7
4855,12.93,sunny,medium,high,6.9,18,1,47.5
4856,4.65,RAIN,low,medium,7.0,15,4,18.3
4857,3.77,snow,low,high,6.7,10,5,41.7
4858,18.82,Sunny,HIGH,medium,4.4,14,6,70.1
4859,18.44,snow,low,medium,1.5,5,2,76.9
4860,17.86,rain,HIGH,low,9.2,13,5,66.6
4861,12.88,RAIN,low,high,5.3,5,2,48.6
4862,16.36,RAIN,,medium,4.4,18,6,72.5
4863,2.31,RAIN,medium,medium,6.1,4,5,17.9
4864,7.36,RAIN,high,medium,2.3,10,3,63.6
4865,6.96,sunny,high,high,1.8,3,3,52.5
4866,13.08,sunny,high,high,4.4,8,3,61.9
4867,7.76,Sunny,medium,high,2.7,8,4,36.2
4868,3.82,RAIN,high,medium,2.8,16,5,27.9
4869,12.33,rain,low,high,9.0,7,2,43.9
4870,16.47,Sunny,HIGH,medium,5.5,14,6,56.5
4871,8.26,RAIN,medium,high,5.1,8,5,43.8
4872,3.51,sunny,high,high,7.1,4,6,32.0
4873,4.74,rain,low,medium,9.5,3,0,18.9
4874,5.51,Sunny,low,high,1.6,19,3,25.1
4875,6.7,rain,medium,medium,,17,1,31.8
4876,13.21,RAIN,medium,high,6.0,8,6,55.3
4877,12.42,snow,high,high,1.9,20,0,87.2
4878,14.23,rain,HIGH,high,3.3,2,6,82.5
4879,7.89,rain,high,high,5.1,21,0,60.0
4880,16.66,sunny,high,low,7.1,8,6,61.9
4881,4.88,RAIN,medium,medium,2.8,8,3,25.7
4882,9.91,rain,high,low,5.6,20,1,48.2
4883,16.22,RAIN,,high,7.0,23,3,75.5
4884,4.42,sunny,HIGH,high,4.8,3,6,31.7
4885,3.09,RAIN,low,medium,8.7,20,3,8.8
4886,17.79,,low,medium,8.8,6,1,62.2
4887,7.52,sunny,HIGH,medium,5.0,6,0,43.1
4888,13.99,Sunny,low,medium,9.7,22,0,45.4
4889,1.48,RAIN,high,high,1.2,7,6,44.8
4890,14.11,snow,HIGH,medium,0.5,20,5,79.6
4891,7.01,Sunny,HIGH,low,4.1,0,1,34.5
4892,2.06,sunny,medium,medium,6.2,8,0,22.5
4893,12.59,snow,low,medium,6.5,22,4,59.6
4894,5.58,rain,medium,low,5.0,11,3,25.2
4895,8.35,rain,high,low,1.7,5,6,49.4
4896,2.53,Sunny,HIGH,low,2.1,12,4,25.6
4897,3.8,snow,high,low,8.6,4,4,36.0
4898,6.66,RAIN,low,medium,8.7,20,5,26.0
4899,2.71,snow,medium,low,6.9,18,5,21.5
4900,18.31,Sunny,low,high,6.8,0,5,63.5
4901,1.11,RAIN,high,medium,6.2,21,4,21.5
4902,10.19,RAIN,medium,high,,23,2,55.8
4903,3.34,rain,low,medium,4.6,17,2,20.9
4904,6.85,snow,high,medium,7.1,7,4,48.7
4905,18.6,RAIN,low,high,5.6,23,3,74.0
4906,4.07,Sunny,HIGH,low,0.7,7,6,31.1
4907,19.35,rain,medium,low,9.6,14,4,68.8
4908,4.91,RAIN,medium,high,8.5,18,6,33.3
4909,15.09,snow,medium,low,3.0,9,4,64.4
4910,11.39,rain,HIGH,medium,6.4,23,5,57.2
4911,17.81,snow,medium,medium,9.3,15,6,77.4
4912,11.53,snow,HIGH,medium,1.4,10,5,71.8
4913,11.16,snow,medium,low,5.3,11,5,49.0
4914,4.71,rain,,low,4.8,15,2,19.7
4915,4.16,RAIN,low,high,4.4,15,4,34.8
4916,18.41,sunny,low,medium,8.4,19,3,53.2
4917,7.23,RAIN,low,high,4.1,2,3,42.4
4918,8.07,rain,HIGH,low,1.1,8,5,45.5
4919,15.44,sunny,high,high,1.1,7,5,75.1
4920,7.44,sunny,high,low,,9,4,24.3
4921,19.09,sunny,low,medium,4.4,12,3,66.7
4922,15.02,Sunny,high,medium,7.3,17,4,59.1
4923,12.35,rain,high,low,,12,6,69.7
4924,17.74,Sunny,medium,low,6.6,12,2,56.7
4925,1.94,sunny,HIGH,low,7.0,14,4,8.3
4926,5.88,Sunny,low,medium,2.9,12,5,19.3
4927,9.84,Sunny,high,low,6.2,15,0,31.6
4928,5.31,rain,high,medium,7.0,7,2,36.2
4929,15.13,snow,low,high,4.9,18,3,66.7
4930,18.46,Sunny,medium,medium,3.7,9,3,58.3
4931,9.05,Sunny,low,high,6.4,11,5,29.3
4932,7.5,sunny,medium,medium,9.8,13,5,27.1
4933,19.27,,high,medium,4.6,5,2,66.2
4934,9.45,sunny,HIGH,low,4.2,20,5,49.4
4935,10.29,RAIN,medium,medium,4.9,23,0,45.4
4936,7.68,Sunny,medium,low,1.2,8,2,33.3
4937,18.28,sunny,low,low,5.8,6,5,43.1
4938,11.81,rain,high,low,3.6,5,6,60.0
4939,15.48,RAIN,HIGH,medium,1.7,21,1,69.1
4940,16.42,,low,low,4.9,0,0,56.0
4941,7.5,Sunny,low,high,0.5,20,2,42.4
4942,9.24,,HIGH,high,4.3,13,1,52.0
4943,17.12,rain,high,medium,1.5,23,4,80.6
4944,7.9,snow,HIGH,low,0.7,5,0,52.8
4945,16.08,snow,low,high,8.3,11,4,68.9
4946,18.88,RAIN,low,medium,9.2,16,1,54.6
4947,12.84,Sunny,medium,medium,2.5,4,3,44.9
4948,15.09,sunny,HIGH,medium,5.6,10,3,61.8
4949,16.3,rain,HIGH,medium,3.1,4,5,77.6
4950,17.06,rain,HIGH,medium,5.2,11,3,77.4
4951,8.51,rain,low,low,4.6,2,4,19.7
4952,1.97,rain,high,low,3.1,23,0,28.2
4953,8.64,sunny,low,low,7.2,8,4,15.7
4954,13.8,sunny,medium,low,1.7,5,4,40.4
4955,9.56,RAIN,low,medium,1.0,21,3,38.3
4956,15.23,Sunny,low,medium,7.8,1,4,46.6
4957,7.78,sunny,low,high,6.8,1,1,19.5
4958,13.06,RAIN,medium,high,5.2,21,2,56.8
4959,4.54,snow,HIGH,low,4.9,11,2,43.5
4960,15.24,Sunny,high,medium,5.2,7,2,58.9
4961,11.37,sunny,,high,4.7,1,5,60.4
4962,4.88,snow,medium,high,4.2,8,6,50.1
4963,6.55,RAIN,HIGH,high,5.2,15,6,50.0
4964,15.22,sunny,HIGH,high,5.5,14,3,60.6
4965,10.17,sunny,medium,low,7.1,13,6,30.8
4966,5.1,snow,low,medium,7.3,19,3,32.7
4967,19.38,sunny,HIGH,low,4.1,3,2,61.6
4968,14.59,rain,high,high,4.4,3,0,68.0
4969,19.19,sunny,medium,high,4.1,10,5,74.3
4970,9.11,Sunny,high,medium,5.6,20,2,39.4
4971,10.03,snow,low,medium,4.8,23,4,45.6
4972,18.06,Sunny,medium,low,9.0,17,6,54.3
4973,10.98,RAIN,high,medium,7.1,4,2,47.0
4974,14.44,,high,low,9.0,1,6,46.3
4975,5.79,rain,low,low,7.2,14,2,22.4
4976,9.49,rain,medium,high,9.7,10,6,49.3
4977,3.35,Sunny,HIGH,low,6.5,23,0,10.7
4978,4.91,RAIN,HIGH,high,9.7,16,3,49.7
4979,1.02,sunny,high,low,2.0,15,6,22.8
4980,1.75,rain,,low,1.0,14,3,19.2
4981,19.57,Sunny,high,medium,6.0,22,4,69.2
4982,5.6,Sunny,low,medium,9.8,2,2,10.9
4983,13.6,Sunny,HIGH,high,4.5,19,1,71.7
4984,16.94,sunny,high,medium,2.5,14,4,72.0
4985,11.46,snow,high,low,5.5,23,6,59.6
4986,3.91,RAIN,low,high,6.7,18,3,27.6
4987,14.83,snow,medium,high,3.5,12,0,72.7
4988,12.4,,low,high,7.3,15,6,59.2
4989,14.89,,medium,low,9.8,22,3,47.4
4990,15.63,Sunny,HIGH,medium,9.0,11,3,66.8
4991,19.53,rain,high,high,3.3,16,6,85.5
4992,11.9,Sunny,high,low,3.6,15,0,41.5
4993,7.49,sunny,low,medium,4.0,8,2,24.4
4994,13.32,RAIN,low,medium,4.2,5,2,63.2
4995,2.3,rain,HIGH,high,1.5,18,6,45.5
4996,18.05,RAIN,HIGH,low,7.7,22,6,66.1
4997,3.27,RAIN,medium,medium,4.0,12,6,27.1
4998,159.09024322436022,,HIGH,low,8.9,20,3,22.6
4999,16.5,rain,HIGH,medium,9.3,23,6,75.1
5000,12.35,rain,HIGH,high,0.7,7,4,80.5
1502,10.1,rain,low,low,8.0,7,1,33.4
2587,2.36,sunny,medium,low,6.6,7,0,12.7
2654,1.99,RAIN,HIGH,low,1.9,8,1,29.1
1056,7.66,RAIN,high,high,3.0,13,2,59.1
706,19.81,rain,high,low,9.6,21,0,73.0
107,8.8,snow,low,low,0.8,18,2,53.2
590,3.89,sunny,HIGH,high,1.8,12,6,34.9
2469,10.04,RAIN,low,low,5.6,16,2,30.6
2414,1.52,Sunny,HIGH,high,4.4,14,2,21.2
1601,4.65,Sunny,medium,high,4.5,11,4,31.5
2465,12.79,RAIN,low,low,4.3,16,1,42.7
229,17.95,sunny,low,medium,7.6,3,4,63.0
916,9.29,rain,low,high,2.7,16,4,45.4
795,1.34,RAIN,medium,medium,3.6,7,2,27.0
3022,9.22,RAIN,low,medium,9.1,19,1,32.4
3544,7.51,rain,high,medium,1.0,2,4,55.9
1074,261.0101606965345,sunny,medium,medium,7.4,13,5,17.2
3352,9.07,sunny,,medium,4.0,1,5,18.0
1745,8.91,sunny,low,medium,9.3,22,4,27.8
1085,18.95,Sunny,medium,medium,4.9,10,4,64.0
927,6.1,Sunny,high,low,5.2,13,3,27.1
3050,6.02,RAIN,high,low,6.9,3,3,35.6
1118,17.67,rain,high,low,0.9,1,4,70.9
643,5.02,rain,low,low,7.7,13,0,19.4
4768,2.85,Sunny,medium,low,9.3,14,3,8.7
502,11.19,snow,medium,low,4.1,3,5,61.8
4067,3.39,sunny,medium,high,2.9,1,1,33.4
334,3.21,sunny,low,low,1.2,21,1,5.0
4685,15.73,Sunny,medium,medium,0.7,5,1,57.9
487,1.86,Sunny,medium,low,6.6,0,0,5.0
1963,16.96,snow,HIGH,low,9.2,16,5,79.1
394,15.75,rain,,medium,0.9,18,2,57.2
4843,7.69,sunny,HIGH,medium,2.1,1,5,45.4
4867,7.76,Sunny,medium,high,2.7,8,4,36.2
1756,16.23,sunny,low,high,1.5,13,5,55.2
2516,18.6,RAIN,low,low,7.3,14,4,55.0
3586,7.24,rain,low,low,2.0,20,4,28.1
4316,4.37,Sunny,low,medium,8.0,15,3,9.9
4967,19.38,sunny,HIGH,low,4.1,3,2,61.6
2100,8.52,snow,low,low,0.7,1,5,47.6
3600,13.57,RAIN,low,high,6.5,16,2,60.2
4122,10.98,RAIN,HIGH,low,3.4,12,1,47.8
30,1.88,Sunny,low,low,9.4,2,4,5.0
66,11.31,Sunny,low,high,2.2,4,4,49.0
839,12.03,RAIN,HIGH,low,7.5,6,6,52.3
3907,10.77,sunny,high,low,8.1,14,5,34.2
3774,14.93,RAIN,high,low,4.9,0,0,66.5
4636,19.1,RAIN,high,low,5.3,9,2,68.7
3162,1.42,RAIN,high,medium,8.5,5,6,21.7
2660,13.49,rain,low,medium,6.2,2,2,42.9
